[{"model": "contenttypes.contenttype", "pk": 1, "fields": {"app_label": "admin", "model": "logentry"}}, {"model": "contenttypes.contenttype", "pk": 2, "fields": {"app_label": "auth", "model": "permission"}}, {"model": "contenttypes.contenttype", "pk": 3, "fields": {"app_label": "auth", "model": "group"}}, {"model": "contenttypes.contenttype", "pk": 4, "fields": {"app_label": "auth", "model": "user"}}, {"model": "contenttypes.contenttype", "pk": 5, "fields": {"app_label": "contenttypes", "model": "contenttype"}}, {"model": "contenttypes.contenttype", "pk": 6, "fields": {"app_label": "sessions", "model": "session"}}, {"model": "contenttypes.contenttype", "pk": 7, "fields": {"app_label": "PDF_processing", "model": "teachercourse"}}, {"model": "contenttypes.contenttype", "pk": 8, "fields": {"app_label": "PDF_processing", "model": "teacher"}}, {"model": "contenttypes.contenttype", "pk": 9, "fields": {"app_label": "PDF_processing", "model": "course"}}, {"model": "contenttypes.contenttype", "pk": 10, "fields": {"app_label": "PDF_processing", "model": "section"}}, {"model": "contenttypes.contenttype", "pk": 11, "fields": {"app_label": "PDF_processing", "model": "comment"}}, {"model": "contenttypes.contenttype", "pk": 12, "fields": {"app_label": "PDF_processing", "model": "respon"}}, {"model": "auth.permission", "pk": 1, "fields": {"name": "Can add log entry", "content_type": 1, "codename": "add_logentry"}}, {"model": "auth.permission", "pk": 2, "fields": {"name": "Can change log entry", "content_type": 1, "codename": "change_logentry"}}, {"model": "auth.permission", "pk": 3, "fields": {"name": "Can delete log entry", "content_type": 1, "codename": "delete_logentry"}}, {"model": "auth.permission", "pk": 4, "fields": {"name": "Can view log entry", "content_type": 1, "codename": "view_logentry"}}, {"model": "auth.permission", "pk": 5, "fields": {"name": "Can add permission", "content_type": 2, "codename": "add_permission"}}, {"model": "auth.permission", "pk": 6, "fields": {"name": "Can change permission", "content_type": 2, "codename": "change_permission"}}, {"model": "auth.permission", "pk": 7, "fields": {"name": "Can delete permission", "content_type": 2, "codename": "delete_permission"}}, {"model": "auth.permission", "pk": 8, "fields": {"name": "Can view permission", "content_type": 2, "codename": "view_permission"}}, {"model": "auth.permission", "pk": 9, "fields": {"name": "Can add group", "content_type": 3, "codename": "add_group"}}, {"model": "auth.permission", "pk": 10, "fields": {"name": "Can change group", "content_type": 3, "codename": "change_group"}}, {"model": "auth.permission", "pk": 11, "fields": {"name": "Can delete group", "content_type": 3, "codename": "delete_group"}}, {"model": "auth.permission", "pk": 12, "fields": {"name": "Can view group", "content_type": 3, "codename": "view_group"}}, {"model": "auth.permission", "pk": 13, "fields": {"name": "Can add user", "content_type": 4, "codename": "add_user"}}, {"model": "auth.permission", "pk": 14, "fields": {"name": "Can change user", "content_type": 4, "codename": "change_user"}}, {"model": "auth.permission", "pk": 15, "fields": {"name": "Can delete user", "content_type": 4, "codename": "delete_user"}}, {"model": "auth.permission", "pk": 16, "fields": {"name": "Can view user", "content_type": 4, "codename": "view_user"}}, {"model": "auth.permission", "pk": 17, "fields": {"name": "Can add content type", "content_type": 5, "codename": "add_contenttype"}}, {"model": "auth.permission", "pk": 18, "fields": {"name": "Can change content type", "content_type": 5, "codename": "change_contenttype"}}, {"model": "auth.permission", "pk": 19, "fields": {"name": "Can delete content type", "content_type": 5, "codename": "delete_contenttype"}}, {"model": "auth.permission", "pk": 20, "fields": {"name": "Can view content type", "content_type": 5, "codename": "view_contenttype"}}, {"model": "auth.permission", "pk": 21, "fields": {"name": "Can add session", "content_type": 6, "codename": "add_session"}}, {"model": "auth.permission", "pk": 22, "fields": {"name": "Can change session", "content_type": 6, "codename": "change_session"}}, {"model": "auth.permission", "pk": 23, "fields": {"name": "Can delete session", "content_type": 6, "codename": "delete_session"}}, {"model": "auth.permission", "pk": 24, "fields": {"name": "Can view session", "content_type": 6, "codename": "view_session"}}, {"model": "auth.permission", "pk": 25, "fields": {"name": "Can add teacher course", "content_type": 7, "codename": "add_teachercourse"}}, {"model": "auth.permission", "pk": 26, "fields": {"name": "Can change teacher course", "content_type": 7, "codename": "change_teachercourse"}}, {"model": "auth.permission", "pk": 27, "fields": {"name": "Can delete teacher course", "content_type": 7, "codename": "delete_teachercourse"}}, {"model": "auth.permission", "pk": 28, "fields": {"name": "Can view teacher course", "content_type": 7, "codename": "view_teachercourse"}}, {"model": "auth.permission", "pk": 29, "fields": {"name": "Can add user", "content_type": 8, "codename": "add_teacher"}}, {"model": "auth.permission", "pk": 30, "fields": {"name": "Can change user", "content_type": 8, "codename": "change_teacher"}}, {"model": "auth.permission", "pk": 31, "fields": {"name": "Can delete user", "content_type": 8, "codename": "delete_teacher"}}, {"model": "auth.permission", "pk": 32, "fields": {"name": "Can view user", "content_type": 8, "codename": "view_teacher"}}, {"model": "auth.permission", "pk": 33, "fields": {"name": "Can add course", "content_type": 9, "codename": "add_course"}}, {"model": "auth.permission", "pk": 34, "fields": {"name": "Can change course", "content_type": 9, "codename": "change_course"}}, {"model": "auth.permission", "pk": 35, "fields": {"name": "Can delete course", "content_type": 9, "codename": "delete_course"}}, {"model": "auth.permission", "pk": 36, "fields": {"name": "Can view course", "content_type": 9, "codename": "view_course"}}, {"model": "auth.permission", "pk": 37, "fields": {"name": "Can add section", "content_type": 10, "codename": "add_section"}}, {"model": "auth.permission", "pk": 38, "fields": {"name": "Can change section", "content_type": 10, "codename": "change_section"}}, {"model": "auth.permission", "pk": 39, "fields": {"name": "Can delete section", "content_type": 10, "codename": "delete_section"}}, {"model": "auth.permission", "pk": 40, "fields": {"name": "Can view section", "content_type": 10, "codename": "view_section"}}, {"model": "auth.permission", "pk": 41, "fields": {"name": "Can add comment", "content_type": 11, "codename": "add_comment"}}, {"model": "auth.permission", "pk": 42, "fields": {"name": "Can change comment", "content_type": 11, "codename": "change_comment"}}, {"model": "auth.permission", "pk": 43, "fields": {"name": "Can delete comment", "content_type": 11, "codename": "delete_comment"}}, {"model": "auth.permission", "pk": 44, "fields": {"name": "Can view comment", "content_type": 11, "codename": "view_comment"}}, {"model": "auth.permission", "pk": 45, "fields": {"name": "Can add respon", "content_type": 12, "codename": "add_respon"}}, {"model": "auth.permission", "pk": 46, "fields": {"name": "Can change respon", "content_type": 12, "codename": "change_respon"}}, {"model": "auth.permission", "pk": 47, "fields": {"name": "Can delete respon", "content_type": 12, "codename": "delete_respon"}}, {"model": "auth.permission", "pk": 48, "fields": {"name": "Can view respon", "content_type": 12, "codename": "view_respon"}}, {"model": "auth.group", "pk": 1, "fields": {"name": "HOS", "permissions": []}}, {"model": "auth.group", "pk": 2, "fields": {"name": "HOD CS", "permissions": []}}, {"model": "auth.group", "pk": 3, "fields": {"name": "HOD SE", "permissions": []}}, {"model": "auth.group", "pk": 4, "fields": {"name": "HOD EE", "permissions": []}}, {"model": "auth.group", "pk": 5, "fields": {"name": "HOD Humanit", "permissions": []}}, {"model": "auth.group", "pk": 6, "fields": {"name": "HOD FSM", "permissions": []}}, {"model": "auth.group", "pk": 7, "fields": {"name": "Admin", "permissions": []}}, {"model": "auth.group", "pk": 8, "fields": {"name": "Instructor", "permissions": []}}, {"model": "PDF_processing.teacher", "pk": 1, "fields": {"password": "pbkdf2_sha256$600000$5IeC2WrHsHEaBhWTrbOoTk$EHwKGKr5BWi3fK2dFT1GAkGGGI2GoQ7pbsWSK918EIo=", "last_login": null, "is_superuser": false, "username": "busharraa.zareen@nu.edu.pk", "first_name": "Bushara ", "last_name": "Zareen", "email": "busharraa.zareen@nu.edu.pk", "is_staff": false, "is_active": true, "date_joined": "2023-12-10T09:38:34.410Z", "teacher_roll_number": "0000000", "groups": [], "user_permissions": []}}, {"model": "PDF_processing.teacher", "pk": 2, "fields": {"password": "pbkdf2_sha256$600000$MzwoRJD7AjbkCO7mIjQWGT$InQjM6DINuEkOrfJiSwSBUCPrWMVbewT3sLxFVsHAic=", "last_login": null, "is_superuser": false, "username": "tariqqq.saeed@nu.edu.pk", "first_name": "Tariq ", "last_name": "Saeed", "email": "tariqqq.saeed@nu.edu.pk", "is_staff": false, "is_active": true, "date_joined": "2023-12-10T09:44:34.192Z", "teacher_roll_number": "0000000", "groups": [], "user_permissions": []}}, {"model": "PDF_processing.teacher", "pk": 3, "fields": {"password": "pbkdf2_sha256$600000$U6cGqcNvxAJ87NrqzuSWgz$5bio5ebk/WcUZChuzLZWvt/hV2gITNs3oad3eZY7qMA=", "last_login": null, "is_superuser": false, "username": "areebaaq.sattar@ nu.edu.pk", "first_name": "Areeba ", "last_name": "Sattar", "email": "areebaaq.sattar@ nu.edu.pk", "is_staff": false, "is_active": true, "date_joined": "2023-12-10T09:45:00.800Z", "teacher_roll_number": "0000000", "groups": [], "user_permissions": []}}, {"model": "PDF_processing.teacher", "pk": 5, "fields": {"password": "pbkdf2_sha256$600000$8U1NoRNgxJD4YEQajpeWZY$r30WfGN27tcz9TEq0l7t4zPmNbgCIilKLGgAF2y5dKw=", "last_login": null, "is_superuser": false, "username": "kashif.munir@nu.edu.pk", "first_name": "Kashif ", "last_name": "Munir", "email": "kashif.munir@nu.edu.pk", "is_staff": false, "is_active": true, "date_joined": "2023-12-10T09:46:15.323Z", "teacher_roll_number": "0000000", "groups": [1, 8], "user_permissions": []}}, {"model": "PDF_processing.teacher", "pk": 6, "fields": {"password": "111", "last_login": null, "is_superuser": false, "username": "maria.saeed@nu.edu.pk", "first_name": "Maria", "last_name": "Saeed", "email": "maria.saeed@nu.edu.pk", "is_staff": false, "is_active": true, "date_joined": "2023-12-11T14:14:19.964Z", "teacher_roll_number": "0000000", "groups": [], "user_permissions": []}}, {"model": "PDF_processing.teacher", "pk": 7, "fields": {"password": "password123", "last_login": "2024-03-03T12:00:00Z", "is_superuser": false, "username": "ali.hassan", "first_name": "Ali", "last_name": "Hassan", "email": "ali.hassan@nu.edu.pk", "is_staff": true, "is_active": true, "date_joined": "2024-03-03T12:00:00Z", "teacher_roll_number": "T001", "groups": [], "user_permissions": []}}, {"model": "PDF_processing.teacher", "pk": 8, "fields": {"password": "password456", "last_login": "2024-03-03T12:00:00Z", "is_superuser": false, "username": "amna.ahmed", "first_name": "Amna", "last_name": "Ahmed", "email": "amna.ahmed@nu.edu.pk", "is_staff": false, "is_active": true, "date_joined": "2024-03-03T12:00:00Z", "teacher_roll_number": "T002", "groups": [], "user_permissions": []}}, {"model": "PDF_processing.teacher", "pk": 9, "fields": {"password": "password789", "last_login": "2024-03-03T12:00:00Z", "is_superuser": false, "username": "raza.ali", "first_name": "Raza", "last_name": "Ali", "email": "raza.ali@nu.edu.pk", "is_staff": false, "is_active": true, "date_joined": "2024-03-03T12:00:00Z", "teacher_roll_number": "T003", "groups": [], "user_permissions": []}}, {"model": "PDF_processing.teacher", "pk": 10, "fields": {"password": "password123", "last_login": "2024-03-03T12:00:00Z", "is_superuser": false, "username": "sana.khan", "first_name": "Sana", "last_name": "Khan", "email": "sana.khan@nu.edu.pk", "is_staff": false, "is_active": true, "date_joined": "2024-03-03T12:00:00Z", "teacher_roll_number": "T004", "groups": [], "user_permissions": []}}, {"model": "PDF_processing.teacher", "pk": 11, "fields": {"password": "password456", "last_login": "2024-03-03T12:00:00Z", "is_superuser": false, "username": "usman.ali", "first_name": "Usman", "last_name": "Ali", "email": "usman.ali@nu.edu.pk", "is_staff": false, "is_active": true, "date_joined": "2024-03-03T12:00:00Z", "teacher_roll_number": "T005", "groups": [], "user_permissions": []}}, {"model": "PDF_processing.teacher", "pk": 12, "fields": {"password": "123", "last_login": "2024-03-03T12:00:00Z", "is_superuser": false, "username": "amir.rehman", "first_name": "Amir", "last_name": "Rehman", "email": "amir.rehman@nu.edu.pk", "is_staff": false, "is_active": true, "date_joined": "2024-03-03T12:00:00Z", "teacher_roll_number": "T006", "groups": [7], "user_permissions": []}}, {"model": "PDF_processing.course", "pk": 1, "fields": {"course_name": "Design and Analysis of Algorithms", "course_code": "CS2009"}}, {"model": "PDF_processing.course", "pk": 2, "fields": {"course_name": "Computer Networks", "course_code": "CS3001"}}, {"model": "PDF_processing.course", "pk": 3, "fields": {"course_name": "Introduction to Computer Science", "course_code": "CS101"}}, {"model": "PDF_processing.course", "pk": 4, "fields": {"course_name": "Database Management Systems", "course_code": "CS301"}}, {"model": "PDF_processing.course", "pk": 5, "fields": {"course_name": "Web Development", "course_code": "CS420"}}, {"model": "PDF_processing.course", "pk": 6, "fields": {"course_name": "Cybersecurity", "course_code": "CS520"}}, {"model": "PDF_processing.course", "pk": 7, "fields": {"course_name": "Machine Learning", "course_code": "CS620"}}, {"model": "PDF_processing.course", "pk": 8, "fields": {"course_name": "Computer Graphics", "course_code": "CS720"}}, {"model": "PDF_processing.course", "pk": 9, "fields": {"course_name": "Natural Language Processing", "course_code": "CS820"}}, {"model": "PDF_processing.course", "pk": 10, "fields": {"course_name": "Operating Systems", "course_code": "CS501"}}, {"model": "PDF_processing.course", "pk": 11, "fields": {"course_name": "Software Engineering", "course_code": "CS601"}}, {"model": "PDF_processing.course", "pk": 12, "fields": {"course_name": "Programming Fundamentals", "course_code": "CS118"}}, {"model": "PDF_processing.teachercourse", "pk": 1, "fields": {"teacher": 5, "course": 1}}, {"model": "PDF_processing.teachercourse", "pk": 6, "fields": {"teacher": 5, "course": 2}}, {"model": "PDF_processing.teachercourse", "pk": 47, "fields": {"teacher": 7, "course": 3}}, {"model": "PDF_processing.teachercourse", "pk": 48, "fields": {"teacher": 7, "course": 4}}, {"model": "PDF_processing.teachercourse", "pk": 49, "fields": {"teacher": 8, "course": 5}}, {"model": "PDF_processing.teachercourse", "pk": 50, "fields": {"teacher": 8, "course": 6}}, {"model": "PDF_processing.teachercourse", "pk": 51, "fields": {"teacher": 9, "course": 7}}, {"model": "PDF_processing.teachercourse", "pk": 52, "fields": {"teacher": 9, "course": 8}}, {"model": "PDF_processing.teachercourse", "pk": 53, "fields": {"teacher": 10, "course": 9}}, {"model": "PDF_processing.teachercourse", "pk": 54, "fields": {"teacher": 10, "course": 10}}, {"model": "PDF_processing.teachercourse", "pk": 55, "fields": {"teacher": 11, "course": 3}}, {"model": "PDF_processing.teachercourse", "pk": 56, "fields": {"teacher": 11, "course": 4}}, {"model": "PDF_processing.teachercourse", "pk": 57, "fields": {"teacher": 11, "course": 5}}, {"model": "PDF_processing.teachercourse", "pk": 58, "fields": {"teacher": 11, "course": 6}}, {"model": "PDF_processing.teachercourse", "pk": 59, "fields": {"teacher": 11, "course": 7}}, {"model": "PDF_processing.teachercourse", "pk": 60, "fields": {"teacher": 11, "course": 8}}, {"model": "PDF_processing.teachercourse", "pk": 61, "fields": {"teacher": 11, "course": 9}}, {"model": "PDF_processing.teachercourse", "pk": 62, "fields": {"teacher": 11, "course": 10}}, {"model": "PDF_processing.teachercourse", "pk": 100, "fields": {"teacher": 2, "course": 3}}, {"model": "PDF_processing.teachercourse", "pk": 101, "fields": {"teacher": 2, "course": 4}}, {"model": "PDF_processing.teachercourse", "pk": 200, "fields": {"teacher": 1, "course": 3}}, {"model": "PDF_processing.teachercourse", "pk": 201, "fields": {"teacher": 2, "course": 5}}, {"model": "PDF_processing.teachercourse", "pk": 202, "fields": {"teacher": 3, "course": 9}}, {"model": "PDF_processing.teachercourse", "pk": 203, "fields": {"teacher": 5, "course": 10}}, {"model": "PDF_processing.teachercourse", "pk": 204, "fields": {"teacher": 6, "course": 12}}, {"model": "PDF_processing.teachercourse", "pk": 205, "fields": {"teacher": 7, "course": 11}}, {"model": "PDF_processing.teachercourse", "pk": 206, "fields": {"teacher": 8, "course": 7}}, {"model": "PDF_processing.teachercourse", "pk": 207, "fields": {"teacher": 9, "course": 6}}, {"model": "PDF_processing.teachercourse", "pk": 208, "fields": {"teacher": 10, "course": 4}}, {"model": "PDF_processing.teachercourse", "pk": 209, "fields": {"teacher": 11, "course": 8}}, {"model": "PDF_processing.teachercourse", "pk": 210, "fields": {"teacher": 12, "course": 3}}, {"model": "PDF_processing.teachercourse", "pk": 211, "fields": {"teacher": 12, "course": 7}}, {"model": "PDF_processing.teachercourse", "pk": 212, "fields": {"teacher": 12, "course": 10}}, {"model": "PDF_processing.teachercourse", "pk": 213, "fields": {"teacher": 12, "course": 5}}, {"model": "PDF_processing.teachercourse", "pk": 214, "fields": {"teacher": 6, "course": 10}}, {"model": "PDF_processing.teachercourse", "pk": 215, "fields": {"teacher": 6, "course": 4}}, {"model": "PDF_processing.teachercourse", "pk": 216, "fields": {"teacher": 1, "course": 5}}, {"model": "PDF_processing.teachercourse", "pk": 217, "fields": {"teacher": 3, "course": 2}}, {"model": "PDF_processing.section", "pk": 1, "fields": {"teacher_course": 1, "section_name": "BCS-4B", "semester": "Spring", "year": "2022", "registered_students": 26, "feedbacks_received": 25, "number_of_positive_comments": 12, "number_of_constructive_comments": 5, "number_of_positive_comments_ass": 4, "number_of_positive_comments_content_org": 4, "number_of_positive_comments_learning_mat": 4, "number_of_positive_comments_classenv": 4}}, {"model": "PDF_processing.section", "pk": 12, "fields": {"teacher_course": 1, "section_name": "BCS-4A", "semester": "Spring", "year": "2022", "registered_students": 34, "feedbacks_received": 34, "number_of_positive_comments": 14, "number_of_constructive_comments": 4, "number_of_positive_comments_ass": 3, "number_of_positive_comments_content_org": 5, "number_of_positive_comments_learning_mat": 2, "number_of_positive_comments_classenv": 4}}, {"model": "PDF_processing.section", "pk": 13, "fields": {"teacher_course": 1, "section_name": "BCS-4E", "semester": "Spring", "year": "2023", "registered_students": 38, "feedbacks_received": 36, "number_of_positive_comments": 16, "number_of_constructive_comments": 3, "number_of_positive_comments_ass": 2, "number_of_positive_comments_content_org": 3, "number_of_positive_comments_learning_mat": 4, "number_of_positive_comments_classenv": 7}}, {"model": "PDF_processing.section", "pk": 14, "fields": {"teacher_course": 1, "section_name": "BCS-4C", "semester": "Spring", "year": "2023", "registered_students": 59, "feedbacks_received": 59, "number_of_positive_comments": 27, "number_of_constructive_comments": 5, "number_of_positive_comments_ass": 6, "number_of_positive_comments_content_org": 6, "number_of_positive_comments_learning_mat": 7, "number_of_positive_comments_classenv": 8}}, {"model": "PDF_processing.section", "pk": 15, "fields": {"teacher_course": 6, "section_name": "BCS-5B", "semester": "Fall", "year": "2022", "registered_students": 33, "feedbacks_received": 33, "number_of_positive_comments": 11, "number_of_constructive_comments": 4, "number_of_positive_comments_ass": 2, "number_of_positive_comments_content_org": 3, "number_of_positive_comments_learning_mat": 2, "number_of_positive_comments_classenv": 4}}, {"model": "PDF_processing.section", "pk": 16, "fields": {"teacher_course": 6, "section_name": "BCS-5A", "semester": "Fall", "year": "2022", "registered_students": 36, "feedbacks_received": 35, "number_of_positive_comments": 10, "number_of_constructive_comments": 1, "number_of_positive_comments_ass": 0, "number_of_positive_comments_content_org": 3, "number_of_positive_comments_learning_mat": 2, "number_of_positive_comments_classenv": 5}}, {"model": "PDF_processing.section", "pk": 17, "fields": {"teacher_course": 47, "section_name": "BCS-1A", "semester": "Spring", "year": "2019", "registered_students": 35, "feedbacks_received": 10, "number_of_positive_comments": 8, "number_of_constructive_comments": 5, "number_of_positive_comments_ass": 2, "number_of_positive_comments_content_org": 2, "number_of_positive_comments_learning_mat": 2, "number_of_positive_comments_classenv": 2}}, {"model": "PDF_processing.section", "pk": 18, "fields": {"teacher_course": 48, "section_name": "BCS-1B", "semester": "Fall", "year": "2019", "registered_students": 40, "feedbacks_received": 12, "number_of_positive_comments": 9, "number_of_constructive_comments": 6, "number_of_positive_comments_ass": 3, "number_of_positive_comments_content_org": 3, "number_of_positive_comments_learning_mat": 3, "number_of_positive_comments_classenv": 3}}, {"model": "PDF_processing.section", "pk": 19, "fields": {"teacher_course": 49, "section_name": "BCS-2C", "semester": "Spring", "year": "2019", "registered_students": 45, "feedbacks_received": 15, "number_of_positive_comments": 10, "number_of_constructive_comments": 7, "number_of_positive_comments_ass": 4, "number_of_positive_comments_content_org": 4, "number_of_positive_comments_learning_mat": 4, "number_of_positive_comments_classenv": 4}}, {"model": "PDF_processing.section", "pk": 20, "fields": {"teacher_course": 47, "section_name": "BCS-1A", "semester": "Spring", "year": "2020", "registered_students": 35, "feedbacks_received": 10, "number_of_positive_comments": 8, "number_of_constructive_comments": 5, "number_of_positive_comments_ass": 2, "number_of_positive_comments_content_org": 2, "number_of_positive_comments_learning_mat": 2, "number_of_positive_comments_classenv": 2}}, {"model": "PDF_processing.section", "pk": 21, "fields": {"teacher_course": 48, "section_name": "BCS-1B", "semester": "Fall", "year": "2020", "registered_students": 40, "feedbacks_received": 12, "number_of_positive_comments": 9, "number_of_constructive_comments": 6, "number_of_positive_comments_ass": 3, "number_of_positive_comments_content_org": 3, "number_of_positive_comments_learning_mat": 3, "number_of_positive_comments_classenv": 3}}, {"model": "PDF_processing.section", "pk": 22, "fields": {"teacher_course": 49, "section_name": "BCS-2C", "semester": "Spring", "year": "2020", "registered_students": 45, "feedbacks_received": 15, "number_of_positive_comments": 10, "number_of_constructive_comments": 7, "number_of_positive_comments_ass": 4, "number_of_positive_comments_content_org": 4, "number_of_positive_comments_learning_mat": 4, "number_of_positive_comments_classenv": 4}}, {"model": "PDF_processing.section", "pk": 23, "fields": {"teacher_course": 47, "section_name": "BCS-1A", "semester": "Spring", "year": "2021", "registered_students": 35, "feedbacks_received": 10, "number_of_positive_comments": 8, "number_of_constructive_comments": 5, "number_of_positive_comments_ass": 2, "number_of_positive_comments_content_org": 2, "number_of_positive_comments_learning_mat": 2, "number_of_positive_comments_classenv": 2}}, {"model": "PDF_processing.section", "pk": 24, "fields": {"teacher_course": 48, "section_name": "BCS-1B", "semester": "Fall", "year": "2021", "registered_students": 40, "feedbacks_received": 12, "number_of_positive_comments": 9, "number_of_constructive_comments": 6, "number_of_positive_comments_ass": 3, "number_of_positive_comments_content_org": 3, "number_of_positive_comments_learning_mat": 3, "number_of_positive_comments_classenv": 3}}, {"model": "PDF_processing.section", "pk": 25, "fields": {"teacher_course": 49, "section_name": "BCS-2C", "semester": "Spring", "year": "2021", "registered_students": 45, "feedbacks_received": 15, "number_of_positive_comments": 10, "number_of_constructive_comments": 7, "number_of_positive_comments_ass": 4, "number_of_positive_comments_content_org": 4, "number_of_positive_comments_learning_mat": 4, "number_of_positive_comments_classenv": 4}}, {"model": "PDF_processing.section", "pk": 26, "fields": {"teacher_course": 47, "section_name": "BCS-1A", "semester": "Spring", "year": "2023", "registered_students": 35, "feedbacks_received": 10, "number_of_positive_comments": 8, "number_of_constructive_comments": 5, "number_of_positive_comments_ass": 2, "number_of_positive_comments_content_org": 2, "number_of_positive_comments_learning_mat": 2, "number_of_positive_comments_classenv": 2}}, {"model": "PDF_processing.section", "pk": 27, "fields": {"teacher_course": 48, "section_name": "BCS-1B", "semester": "Fall", "year": "2023", "registered_students": 40, "feedbacks_received": 12, "number_of_positive_comments": 9, "number_of_constructive_comments": 6, "number_of_positive_comments_ass": 3, "number_of_positive_comments_content_org": 3, "number_of_positive_comments_learning_mat": 3, "number_of_positive_comments_classenv": 3}}, {"model": "PDF_processing.section", "pk": 28, "fields": {"teacher_course": 49, "section_name": "BCS-2C", "semester": "Spring", "year": "2023", "registered_students": 45, "feedbacks_received": 15, "number_of_positive_comments": 10, "number_of_constructive_comments": 7, "number_of_positive_comments_ass": 4, "number_of_positive_comments_content_org": 4, "number_of_positive_comments_learning_mat": 4, "number_of_positive_comments_classenv": 4}}, {"model": "PDF_processing.section", "pk": 29, "fields": {"teacher_course": 50, "section_name": "BCS-3D", "semester": "Fall", "year": "2023", "registered_students": 50, "feedbacks_received": 20, "number_of_positive_comments": 11, "number_of_constructive_comments": 8, "number_of_positive_comments_ass": 5, "number_of_positive_comments_content_org": 5, "number_of_positive_comments_learning_mat": 5, "number_of_positive_comments_classenv": 5}}, {"model": "PDF_processing.section", "pk": 30, "fields": {"teacher_course": 51, "section_name": "BCS-4E", "semester": "Spring", "year": "2023", "registered_students": 55, "feedbacks_received": 25, "number_of_positive_comments": 12, "number_of_constructive_comments": 9, "number_of_positive_comments_ass": 6, "number_of_positive_comments_content_org": 6, "number_of_positive_comments_learning_mat": 6, "number_of_positive_comments_classenv": 6}}, {"model": "PDF_processing.section", "pk": 31, "fields": {"teacher_course": 52, "section_name": "BCS-5F", "semester": "Fall", "year": "2023", "registered_students": 60, "feedbacks_received": 30, "number_of_positive_comments": 13, "number_of_constructive_comments": 10, "number_of_positive_comments_ass": 7, "number_of_positive_comments_content_org": 7, "number_of_positive_comments_learning_mat": 7, "number_of_positive_comments_classenv": 7}}, {"model": "PDF_processing.section", "pk": 32, "fields": {"teacher_course": 53, "section_name": "BCS-6G", "semester": "Spring", "year": "2023", "registered_students": 50, "feedbacks_received": 22, "number_of_positive_comments": 14, "number_of_constructive_comments": 11, "number_of_positive_comments_ass": 8, "number_of_positive_comments_content_org": 8, "number_of_positive_comments_learning_mat": 8, "number_of_positive_comments_classenv": 8}}, {"model": "PDF_processing.section", "pk": 34, "fields": {"teacher_course": 55, "section_name": "BCS-8B", "semester": "Spring", "year": "2023", "registered_students": 59, "feedbacks_received": 28, "number_of_positive_comments": 16, "number_of_constructive_comments": 13, "number_of_positive_comments_ass": 10, "number_of_positive_comments_content_org": 10, "number_of_positive_comments_learning_mat": 10, "number_of_positive_comments_classenv": 10}}, {"model": "PDF_processing.section", "pk": 35, "fields": {"teacher_course": 100, "section_name": "BCS-1A", "semester": "Spring", "year": "2022", "registered_students": 35, "feedbacks_received": 35, "number_of_positive_comments": 8, "number_of_constructive_comments": 5, "number_of_positive_comments_ass": 2, "number_of_positive_comments_content_org": 2, "number_of_positive_comments_learning_mat": 2, "number_of_positive_comments_classenv": 2}}, {"model": "PDF_processing.section", "pk": 36, "fields": {"teacher_course": 200, "section_name": "BCS-2C", "semester": "Spring", "year": "2021", "registered_students": 50, "feedbacks_received": 50, "number_of_positive_comments": 8, "number_of_constructive_comments": 5, "number_of_positive_comments_ass": 2, "number_of_positive_comments_content_org": 2, "number_of_positive_comments_learning_mat": 2, "number_of_positive_comments_classenv": 2}}, {"model": "PDF_processing.section", "pk": 37, "fields": {"teacher_course": 201, "section_name": "BCS-1A", "semester": "Fall", "year": "2022", "registered_students": 47, "feedbacks_received": 46, "number_of_positive_comments": 9, "number_of_constructive_comments": 4, "number_of_positive_comments_ass": 2, "number_of_positive_comments_content_org": 3, "number_of_positive_comments_learning_mat": 1, "number_of_positive_comments_classenv": 3}}, {"model": "PDF_processing.section", "pk": 38, "fields": {"teacher_course": 202, "section_name": "BCS-4D", "semester": "Spring", "year": "2021", "registered_students": 39, "feedbacks_received": 39, "number_of_positive_comments": 10, "number_of_constructive_comments": 3, "number_of_positive_comments_ass": 3, "number_of_positive_comments_content_org": 1, "number_of_positive_comments_learning_mat": 2, "number_of_positive_comments_classenv": 4}}, {"model": "PDF_processing.section", "pk": 39, "fields": {"teacher_course": 203, "section_name": "BCS-3B", "semester": "Spring", "year": "2022", "registered_students": 40, "feedbacks_received": 39, "number_of_positive_comments": 11, "number_of_constructive_comments": 0, "number_of_positive_comments_ass": 3, "number_of_positive_comments_content_org": 2, "number_of_positive_comments_learning_mat": 1, "number_of_positive_comments_classenv": 5}}, {"model": "PDF_processing.section", "pk": 40, "fields": {"teacher_course": 204, "section_name": "BCS-2E", "semester": "Spring", "year": "2022", "registered_students": 45, "feedbacks_received": 45, "number_of_positive_comments": 12, "number_of_constructive_comments": 1, "number_of_positive_comments_ass": 4, "number_of_positive_comments_content_org": 4, "number_of_positive_comments_learning_mat": 4, "number_of_positive_comments_classenv": 4}}, {"model": "PDF_processing.section", "pk": 41, "fields": {"teacher_course": 205, "section_name": "BCS-5C", "semester": "Fall", "year": "2021", "registered_students": 51, "feedbacks_received": 50, "number_of_positive_comments": 13, "number_of_constructive_comments": 4, "number_of_positive_comments_ass": 5, "number_of_positive_comments_content_org": 2, "number_of_positive_comments_learning_mat": 3, "number_of_positive_comments_classenv": 3}}, {"model": "PDF_processing.section", "pk": 42, "fields": {"teacher_course": 206, "section_name": "BCS-6A", "semester": "Spring", "year": "2022", "registered_students": 52, "feedbacks_received": 50, "number_of_positive_comments": 14, "number_of_constructive_comments": 3, "number_of_positive_comments_ass": 1, "number_of_positive_comments_content_org": 3, "number_of_positive_comments_learning_mat": 4, "number_of_positive_comments_classenv": 6}}, {"model": "PDF_processing.section", "pk": 43, "fields": {"teacher_course": 207, "section_name": "BCS-7D", "semester": "Fall", "year": "2023", "registered_students": 48, "feedbacks_received": 48, "number_of_positive_comments": 15, "number_of_constructive_comments": 2, "number_of_positive_comments_ass": 2, "number_of_positive_comments_content_org": 6, "number_of_positive_comments_learning_mat": 2, "number_of_positive_comments_classenv": 5}}, {"model": "PDF_processing.section", "pk": 44, "fields": {"teacher_course": 208, "section_name": "BCS-4F", "semester": "Spring", "year": "2024", "registered_students": 50, "feedbacks_received": 50, "number_of_positive_comments": 16, "number_of_constructive_comments": 1, "number_of_positive_comments_ass": 0, "number_of_positive_comments_content_org": 6, "number_of_positive_comments_learning_mat": 5, "number_of_positive_comments_classenv": 5}}, {"model": "PDF_processing.section", "pk": 45, "fields": {"teacher_course": 209, "section_name": "BCS-8E", "semester": "Spring", "year": "2021", "registered_students": 43, "feedbacks_received": 42, "number_of_positive_comments": 17, "number_of_constructive_comments": 4, "number_of_positive_comments_ass": 5, "number_of_positive_comments_content_org": 5, "number_of_positive_comments_learning_mat": 6, "number_of_positive_comments_classenv": 1}}, {"model": "PDF_processing.section", "pk": 46, "fields": {"teacher_course": 210, "section_name": "BCS-3A", "semester": "Fall", "year": "2021", "registered_students": 40, "feedbacks_received": 40, "number_of_positive_comments": 2, "number_of_constructive_comments": 4, "number_of_positive_comments_ass": 1, "number_of_positive_comments_content_org": 0, "number_of_positive_comments_learning_mat": 0, "number_of_positive_comments_classenv": 1}}, {"model": "PDF_processing.section", "pk": 47, "fields": {"teacher_course": 211, "section_name": "BCS-4B", "semester": "Spring", "year": "2023", "registered_students": 41, "feedbacks_received": 41, "number_of_positive_comments": 4, "number_of_constructive_comments": 4, "number_of_positive_comments_ass": 2, "number_of_positive_comments_content_org": 1, "number_of_positive_comments_learning_mat": 1, "number_of_positive_comments_classenv": 0}}, {"model": "PDF_processing.section", "pk": 48, "fields": {"teacher_course": 212, "section_name": "BCS-5A", "semester": "Fall", "year": "2023", "registered_students": 42, "feedbacks_received": 42, "number_of_positive_comments": 6, "number_of_constructive_comments": 5, "number_of_positive_comments_ass": 1, "number_of_positive_comments_content_org": 2, "number_of_positive_comments_learning_mat": 1, "number_of_positive_comments_classenv": 2}}, {"model": "PDF_processing.section", "pk": 49, "fields": {"teacher_course": 213, "section_name": "BCS-6D", "semester": "Spring", "year": "2023", "registered_students": 43, "feedbacks_received": 43, "number_of_positive_comments": 8, "number_of_constructive_comments": 6, "number_of_positive_comments_ass": 2, "number_of_positive_comments_content_org": 2, "number_of_positive_comments_learning_mat": 2, "number_of_positive_comments_classenv": 2}}, {"model": "PDF_processing.section", "pk": 50, "fields": {"teacher_course": 210, "section_name": "BCS-5B", "semester": "Fall", "year": "2022", "registered_students": 40, "feedbacks_received": 40, "number_of_positive_comments": 8, "number_of_constructive_comments": 4, "number_of_positive_comments_ass": 2, "number_of_positive_comments_content_org": 2, "number_of_positive_comments_learning_mat": 2, "number_of_positive_comments_classenv": 2}}, {"model": "PDF_processing.section", "pk": 51, "fields": {"teacher_course": 210, "section_name": "BCS-6C", "semester": "Spring", "year": "2023", "registered_students": 45, "feedbacks_received": 44, "number_of_positive_comments": 10, "number_of_constructive_comments": 3, "number_of_positive_comments_ass": 2, "number_of_positive_comments_content_org": 3, "number_of_positive_comments_learning_mat": 2, "number_of_positive_comments_classenv": 3}}, {"model": "PDF_processing.section", "pk": 52, "fields": {"teacher_course": 210, "section_name": "BCS-7A", "semester": "Fall", "year": "2023", "registered_students": 35, "feedbacks_received": 35, "number_of_positive_comments": 12, "number_of_constructive_comments": 4, "number_of_positive_comments_ass": 4, "number_of_positive_comments_content_org": 4, "number_of_positive_comments_learning_mat": 0, "number_of_positive_comments_classenv": 4}}, {"model": "PDF_processing.section", "pk": 53, "fields": {"teacher_course": 205, "section_name": "BCS-3B", "semester": "Fall", "year": "2022", "registered_students": 40, "feedbacks_received": 40, "number_of_positive_comments": 10, "number_of_constructive_comments": 5, "number_of_positive_comments_ass": 2, "number_of_positive_comments_content_org": 5, "number_of_positive_comments_learning_mat": 1, "number_of_positive_comments_classenv": 2}}, {"model": "PDF_processing.section", "pk": 54, "fields": {"teacher_course": 205, "section_name": "BCS-4C", "semester": "Spring", "year": "2022", "registered_students": 44, "feedbacks_received": 44, "number_of_positive_comments": 14, "number_of_constructive_comments": 8, "number_of_positive_comments_ass": 3, "number_of_positive_comments_content_org": 5, "number_of_positive_comments_learning_mat": 2, "number_of_positive_comments_classenv": 4}}, {"model": "PDF_processing.section", "pk": 55, "fields": {"teacher_course": 205, "section_name": "BCS-6D", "semester": "Spring", "year": "2023", "registered_students": 50, "feedbacks_received": 50, "number_of_positive_comments": 9, "number_of_constructive_comments": 5, "number_of_positive_comments_ass": 3, "number_of_positive_comments_content_org": 3, "number_of_positive_comments_learning_mat": 3, "number_of_positive_comments_classenv": 0}}, {"model": "PDF_processing.section", "pk": 56, "fields": {"teacher_course": 204, "section_name": "BCS-3C", "semester": "Fall", "year": "2022", "registered_students": 45, "feedbacks_received": 45, "number_of_positive_comments": 4, "number_of_constructive_comments": 6, "number_of_positive_comments_ass": 1, "number_of_positive_comments_content_org": 1, "number_of_positive_comments_learning_mat": 1, "number_of_positive_comments_classenv": 1}}, {"model": "PDF_processing.section", "pk": 57, "fields": {"teacher_course": 204, "section_name": "BCS-4A", "semester": "Spring", "year": "2023", "registered_students": 42, "feedbacks_received": 40, "number_of_positive_comments": 8, "number_of_constructive_comments": 7, "number_of_positive_comments_ass": 2, "number_of_positive_comments_content_org": 2, "number_of_positive_comments_learning_mat": 2, "number_of_positive_comments_classenv": 2}}, {"model": "PDF_processing.section", "pk": 58, "fields": {"teacher_course": 204, "section_name": "BCS-5D", "semester": "Fall", "year": "2023", "registered_students": 40, "feedbacks_received": 40, "number_of_positive_comments": 12, "number_of_constructive_comments": 5, "number_of_positive_comments_ass": 3, "number_of_positive_comments_content_org": 3, "number_of_positive_comments_learning_mat": 3, "number_of_positive_comments_classenv": 3}}, {"model": "PDF_processing.section", "pk": 59, "fields": {"teacher_course": 204, "section_name": "BCS-6B", "semester": "Spring", "year": "2021", "registered_students": 45, "feedbacks_received": 45, "number_of_positive_comments": 16, "number_of_constructive_comments": 4, "number_of_positive_comments_ass": 4, "number_of_positive_comments_content_org": 4, "number_of_positive_comments_learning_mat": 4, "number_of_positive_comments_classenv": 4}}, {"model": "PDF_processing.section", "pk": 60, "fields": {"teacher_course": 214, "section_name": "BCS-2A", "semester": "Spring", "year": "2021", "registered_students": 40, "feedbacks_received": 40, "number_of_positive_comments": 4, "number_of_constructive_comments": 4, "number_of_positive_comments_ass": 1, "number_of_positive_comments_content_org": 2, "number_of_positive_comments_learning_mat": 1, "number_of_positive_comments_classenv": 0}}, {"model": "PDF_processing.section", "pk": 61, "fields": {"teacher_course": 214, "section_name": "BCS-3B", "semester": "Fall", "year": "2023", "registered_students": 39, "feedbacks_received": 39, "number_of_positive_comments": 8, "number_of_constructive_comments": 5, "number_of_positive_comments_ass": 3, "number_of_positive_comments_content_org": 2, "number_of_positive_comments_learning_mat": 3, "number_of_positive_comments_classenv": 0}}, {"model": "PDF_processing.section", "pk": 62, "fields": {"teacher_course": 214, "section_name": "BCS-4D", "semester": "Spring", "year": "2023", "registered_students": 41, "feedbacks_received": 41, "number_of_positive_comments": 10, "number_of_constructive_comments": 3, "number_of_positive_comments_ass": 2, "number_of_positive_comments_content_org": 3, "number_of_positive_comments_learning_mat": 2, "number_of_positive_comments_classenv": 3}}, {"model": "PDF_processing.section", "pk": 63, "fields": {"teacher_course": 215, "section_name": "BCS-5C", "semester": "Fall", "year": "2022", "registered_students": 45, "feedbacks_received": 45, "number_of_positive_comments": 12, "number_of_constructive_comments": 4, "number_of_positive_comments_ass": 3, "number_of_positive_comments_content_org": 4, "number_of_positive_comments_learning_mat": 1, "number_of_positive_comments_classenv": 4}}, {"model": "PDF_processing.section", "pk": 64, "fields": {"teacher_course": 215, "section_name": "BCS-6E", "semester": "Spring", "year": "2022", "registered_students": 40, "feedbacks_received": 40, "number_of_positive_comments": 14, "number_of_constructive_comments": 5, "number_of_positive_comments_ass": 4, "number_of_positive_comments_content_org": 2, "number_of_positive_comments_learning_mat": 2, "number_of_positive_comments_classenv": 6}}, {"model": "PDF_processing.section", "pk": 65, "fields": {"teacher_course": 215, "section_name": "BCS-7D", "semester": "Fall", "year": "2023", "registered_students": 40, "feedbacks_received": 40, "number_of_positive_comments": 16, "number_of_constructive_comments": 6, "number_of_positive_comments_ass": 4, "number_of_positive_comments_content_org": 4, "number_of_positive_comments_learning_mat": 4, "number_of_positive_comments_classenv": 4}}, {"model": "PDF_processing.section", "pk": 66, "fields": {"teacher_course": 215, "section_name": "BCS-8A", "semester": "Spring", "year": "2023", "registered_students": 44, "feedbacks_received": 44, "number_of_positive_comments": 18, "number_of_constructive_comments": 7, "number_of_positive_comments_ass": 5, "number_of_positive_comments_content_org": 7, "number_of_positive_comments_learning_mat": 4, "number_of_positive_comments_classenv": 2}}, {"model": "PDF_processing.section", "pk": 70, "fields": {"teacher_course": 211, "section_name": "BCS-6C", "semester": "Spring", "year": "2022", "registered_students": 48, "feedbacks_received": 47, "number_of_positive_comments": 5, "number_of_constructive_comments": 4, "number_of_positive_comments_ass": 2, "number_of_positive_comments_content_org": 1, "number_of_positive_comments_learning_mat": 0, "number_of_positive_comments_classenv": 2}}, {"model": "PDF_processing.section", "pk": 71, "fields": {"teacher_course": 211, "section_name": "BCS-7B", "semester": "Fall", "year": "2023", "registered_students": 50, "feedbacks_received": 50, "number_of_positive_comments": 7, "number_of_constructive_comments": 3, "number_of_positive_comments_ass": 2, "number_of_positive_comments_content_org": 1, "number_of_positive_comments_learning_mat": 1, "number_of_positive_comments_classenv": 3}}, {"model": "PDF_processing.section", "pk": 72, "fields": {"teacher_course": 211, "section_name": "BCS-8A", "semester": "Spring", "year": "2023", "registered_students": 43, "feedbacks_received": 43, "number_of_positive_comments": 8, "number_of_constructive_comments": 4, "number_of_positive_comments_ass": 3, "number_of_positive_comments_content_org": 2, "number_of_positive_comments_learning_mat": 2, "number_of_positive_comments_classenv": 1}}, {"model": "PDF_processing.section", "pk": 73, "fields": {"teacher_course": 212, "section_name": "BCS-3B", "semester": "Fall", "year": "2023", "registered_students": 41, "feedbacks_received": 41, "number_of_positive_comments": 5, "number_of_constructive_comments": 5, "number_of_positive_comments_ass": 1, "number_of_positive_comments_content_org": 2, "number_of_positive_comments_learning_mat": 0, "number_of_positive_comments_classenv": 2}}, {"model": "PDF_processing.section", "pk": 74, "fields": {"teacher_course": 212, "section_name": "BCS-6A", "semester": "Spring", "year": "2022", "registered_students": 38, "feedbacks_received": 38, "number_of_positive_comments": 5, "number_of_constructive_comments": 4, "number_of_positive_comments_ass": 1, "number_of_positive_comments_content_org": 1, "number_of_positive_comments_learning_mat": 2, "number_of_positive_comments_classenv": 1}}, {"model": "PDF_processing.section", "pk": 75, "fields": {"teacher_course": 212, "section_name": "BCS-4D", "semester": "Spring", "year": "2022", "registered_students": 40, "feedbacks_received": 40, "number_of_positive_comments": 5, "number_of_constructive_comments": 3, "number_of_positive_comments_ass": 2, "number_of_positive_comments_content_org": 0, "number_of_positive_comments_learning_mat": 2, "number_of_positive_comments_classenv": 1}}, {"model": "PDF_processing.section", "pk": 76, "fields": {"teacher_course": 213, "section_name": "BCS-4A", "semester": "Spring", "year": "2023", "registered_students": 43, "feedbacks_received": 43, "number_of_positive_comments": 3, "number_of_constructive_comments": 5, "number_of_positive_comments_ass": 1, "number_of_positive_comments_content_org": 0, "number_of_positive_comments_learning_mat": 1, "number_of_positive_comments_classenv": 1}}, {"model": "PDF_processing.section", "pk": 77, "fields": {"teacher_course": 213, "section_name": "BCS-5D", "semester": "Fall", "year": "2022", "registered_students": 40, "feedbacks_received": 40, "number_of_positive_comments": 4, "number_of_constructive_comments": 5, "number_of_positive_comments_ass": 1, "number_of_positive_comments_content_org": 1, "number_of_positive_comments_learning_mat": 1, "number_of_positive_comments_classenv": 1}}, {"model": "PDF_processing.section", "pk": 78, "fields": {"teacher_course": 213, "section_name": "BCS-7A", "semester": "Fall", "year": "2022", "registered_students": 45, "feedbacks_received": 45, "number_of_positive_comments": 5, "number_of_constructive_comments": 5, "number_of_positive_comments_ass": 2, "number_of_positive_comments_content_org": 0, "number_of_positive_comments_learning_mat": 0, "number_of_positive_comments_classenv": 3}}, {"model": "PDF_processing.section", "pk": 79, "fields": {"teacher_course": 200, "section_name": "BCS-4A", "semester": "Spring", "year": "2023", "registered_students": 50, "feedbacks_received": 50, "number_of_positive_comments": 8, "number_of_constructive_comments": 4, "number_of_positive_comments_ass": 2, "number_of_positive_comments_content_org": 1, "number_of_positive_comments_learning_mat": 2, "number_of_positive_comments_classenv": 3}}, {"model": "PDF_processing.section", "pk": 80, "fields": {"teacher_course": 200, "section_name": "BCS-6D", "semester": "Spring", "year": "2023", "registered_students": 48, "feedbacks_received": 47, "number_of_positive_comments": 9, "number_of_constructive_comments": 5, "number_of_positive_comments_ass": 3, "number_of_positive_comments_content_org": 2, "number_of_positive_comments_learning_mat": 1, "number_of_positive_comments_classenv": 3}}, {"model": "PDF_processing.section", "pk": 81, "fields": {"teacher_course": 200, "section_name": "BCS-3C", "semester": "Fall", "year": "2022", "registered_students": 45, "feedbacks_received": 45, "number_of_positive_comments": 10, "number_of_constructive_comments": 6, "number_of_positive_comments_ass": 4, "number_of_positive_comments_content_org": 1, "number_of_positive_comments_learning_mat": 1, "number_of_positive_comments_classenv": 4}}, {"model": "PDF_processing.section", "pk": 82, "fields": {"teacher_course": 216, "section_name": "BCS-3B", "semester": "Fall", "year": "2022", "registered_students": 39, "feedbacks_received": 39, "number_of_positive_comments": 5, "number_of_constructive_comments": 5, "number_of_positive_comments_ass": 1, "number_of_positive_comments_content_org": 1, "number_of_positive_comments_learning_mat": 2, "number_of_positive_comments_classenv": 1}}, {"model": "PDF_processing.section", "pk": 83, "fields": {"teacher_course": 216, "section_name": "BCS-5D", "semester": "Fall", "year": "2022", "registered_students": 41, "feedbacks_received": 41, "number_of_positive_comments": 8, "number_of_constructive_comments": 3, "number_of_positive_comments_ass": 2, "number_of_positive_comments_content_org": 1, "number_of_positive_comments_learning_mat": 2, "number_of_positive_comments_classenv": 3}}, {"model": "PDF_processing.section", "pk": 84, "fields": {"teacher_course": 216, "section_name": "BCS-7C", "semester": "Fall", "year": "2023", "registered_students": 48, "feedbacks_received": 48, "number_of_positive_comments": 11, "number_of_constructive_comments": 5, "number_of_positive_comments_ass": 3, "number_of_positive_comments_content_org": 3, "number_of_positive_comments_learning_mat": 2, "number_of_positive_comments_classenv": 3}}, {"model": "PDF_processing.section", "pk": 85, "fields": {"teacher_course": 216, "section_name": "BCS-5E", "semester": "Fall", "year": "2023", "registered_students": 40, "feedbacks_received": 40, "number_of_positive_comments": 14, "number_of_constructive_comments": 4, "number_of_positive_comments_ass": 4, "number_of_positive_comments_content_org": 5, "number_of_positive_comments_learning_mat": 3, "number_of_positive_comments_classenv": 2}}, {"model": "PDF_processing.section", "pk": 86, "fields": {"teacher_course": 100, "section_name": "BCS-3B", "semester": "Fall", "year": "2021", "registered_students": 42, "feedbacks_received": 42, "number_of_positive_comments": 7, "number_of_constructive_comments": 5, "number_of_positive_comments_ass": 2, "number_of_positive_comments_content_org": 1, "number_of_positive_comments_learning_mat": 1, "number_of_positive_comments_classenv": 3}}, {"model": "PDF_processing.section", "pk": 87, "fields": {"teacher_course": 100, "section_name": "BCS-5C", "semester": "Fall", "year": "2023", "registered_students": 35, "feedbacks_received": 35, "number_of_positive_comments": 9, "number_of_constructive_comments": 7, "number_of_positive_comments_ass": 1, "number_of_positive_comments_content_org": 4, "number_of_positive_comments_learning_mat": 2, "number_of_positive_comments_classenv": 2}}, {"model": "PDF_processing.section", "pk": 88, "fields": {"teacher_course": 100, "section_name": "BCS-7E", "semester": "Fall", "year": "2023", "registered_students": 48, "feedbacks_received": 48, "number_of_positive_comments": 11, "number_of_constructive_comments": 3, "number_of_positive_comments_ass": 4, "number_of_positive_comments_content_org": 1, "number_of_positive_comments_learning_mat": 1, "number_of_positive_comments_classenv": 5}}, {"model": "PDF_processing.section", "pk": 97, "fields": {"teacher_course": 101, "section_name": "BCS-2A", "semester": "Spring", "year": "2021", "registered_students": 43, "feedbacks_received": 43, "number_of_positive_comments": 5, "number_of_constructive_comments": 5, "number_of_positive_comments_ass": 1, "number_of_positive_comments_content_org": 2, "number_of_positive_comments_learning_mat": 1, "number_of_positive_comments_classenv": 1}}, {"model": "PDF_processing.section", "pk": 98, "fields": {"teacher_course": 101, "section_name": "BCS-3B", "semester": "Fall", "year": "2022", "registered_students": 55, "feedbacks_received": 55, "number_of_positive_comments": 6, "number_of_constructive_comments": 4, "number_of_positive_comments_ass": 2, "number_of_positive_comments_content_org": 0, "number_of_positive_comments_learning_mat": 2, "number_of_positive_comments_classenv": 2}}, {"model": "PDF_processing.section", "pk": 99, "fields": {"teacher_course": 101, "section_name": "BCS-5D", "semester": "Fall", "year": "2022", "registered_students": 50, "feedbacks_received": 50, "number_of_positive_comments": 7, "number_of_constructive_comments": 6, "number_of_positive_comments_ass": 1, "number_of_positive_comments_content_org": 1, "number_of_positive_comments_learning_mat": 3, "number_of_positive_comments_classenv": 2}}, {"model": "PDF_processing.section", "pk": 100, "fields": {"teacher_course": 101, "section_name": "BCS-8A", "semester": "Spring", "year": "2023", "registered_students": 45, "feedbacks_received": 45, "number_of_positive_comments": 8, "number_of_constructive_comments": 3, "number_of_positive_comments_ass": 2, "number_of_positive_comments_content_org": 2, "number_of_positive_comments_learning_mat": 2, "number_of_positive_comments_classenv": 2}}, {"model": "PDF_processing.section", "pk": 101, "fields": {"teacher_course": 201, "section_name": "BCS-2B", "semester": "Spring", "year": "2022", "registered_students": 48, "feedbacks_received": 47, "number_of_positive_comments": 9, "number_of_constructive_comments": 2, "number_of_positive_comments_ass": 1, "number_of_positive_comments_content_org": 1, "number_of_positive_comments_learning_mat": 4, "number_of_positive_comments_classenv": 3}}, {"model": "PDF_processing.section", "pk": 102, "fields": {"teacher_course": 201, "section_name": "BCS-3D", "semester": "Fall", "year": "2021", "registered_students": 48, "feedbacks_received": 48, "number_of_positive_comments": 10, "number_of_constructive_comments": 7, "number_of_positive_comments_ass": 2, "number_of_positive_comments_content_org": 3, "number_of_positive_comments_learning_mat": 1, "number_of_positive_comments_classenv": 4}}, {"model": "PDF_processing.section", "pk": 103, "fields": {"teacher_course": 201, "section_name": "BCS-4E", "semester": "Spring", "year": "2023", "registered_students": 40, "feedbacks_received": 40, "number_of_positive_comments": 11, "number_of_constructive_comments": 4, "number_of_positive_comments_ass": 3, "number_of_positive_comments_content_org": 6, "number_of_positive_comments_learning_mat": 0, "number_of_positive_comments_classenv": 2}}, {"model": "PDF_processing.section", "pk": 104, "fields": {"teacher_course": 201, "section_name": "BCS-5A", "semester": "Fall", "year": "2023", "registered_students": 50, "feedbacks_received": 50, "number_of_positive_comments": 12, "number_of_constructive_comments": 3, "number_of_positive_comments_ass": 2, "number_of_positive_comments_content_org": 4, "number_of_positive_comments_learning_mat": 4, "number_of_positive_comments_classenv": 2}}, {"model": "PDF_processing.section", "pk": 105, "fields": {"teacher_course": 202, "section_name": "BCS-3A", "semester": "Fall", "year": "2022", "registered_students": 45, "feedbacks_received": 45, "number_of_positive_comments": 4, "number_of_constructive_comments": 4, "number_of_positive_comments_ass": 2, "number_of_positive_comments_content_org": 0, "number_of_positive_comments_learning_mat": 2, "number_of_positive_comments_classenv": 0}}, {"model": "PDF_processing.section", "pk": 106, "fields": {"teacher_course": 202, "section_name": "BCS-5B", "semester": "Fall", "year": "2022", "registered_students": 48, "feedbacks_received": 48, "number_of_positive_comments": 5, "number_of_constructive_comments": 4, "number_of_positive_comments_ass": 1, "number_of_positive_comments_content_org": 1, "number_of_positive_comments_learning_mat": 1, "number_of_positive_comments_classenv": 2}}, {"model": "PDF_processing.section", "pk": 107, "fields": {"teacher_course": 202, "section_name": "BCS-6C", "semester": "Spring", "year": "2023", "registered_students": 50, "feedbacks_received": 50, "number_of_positive_comments": 8, "number_of_constructive_comments": 4, "number_of_positive_comments_ass": 2, "number_of_positive_comments_content_org": 4, "number_of_positive_comments_learning_mat": 0, "number_of_positive_comments_classenv": 2}}, {"model": "PDF_processing.section", "pk": 108, "fields": {"teacher_course": 217, "section_name": "BCS-2D", "semester": "Spring", "year": "2021", "registered_students": 54, "feedbacks_received": 54, "number_of_positive_comments": 9, "number_of_constructive_comments": 4, "number_of_positive_comments_ass": 2, "number_of_positive_comments_content_org": 4, "number_of_positive_comments_learning_mat": 2, "number_of_positive_comments_classenv": 1}}, {"model": "PDF_processing.section", "pk": 109, "fields": {"teacher_course": 217, "section_name": "BCS-4A", "semester": "Spring", "year": "2022", "registered_students": 50, "feedbacks_received": 50, "number_of_positive_comments": 10, "number_of_constructive_comments": 4, "number_of_positive_comments_ass": 2, "number_of_positive_comments_content_org": 3, "number_of_positive_comments_learning_mat": 2, "number_of_positive_comments_classenv": 3}}, {"model": "PDF_processing.section", "pk": 110, "fields": {"teacher_course": 217, "section_name": "BCS-5C", "semester": "Fall", "year": "2023", "registered_students": 45, "feedbacks_received": 45, "number_of_positive_comments": 12, "number_of_constructive_comments": 4, "number_of_positive_comments_ass": 3, "number_of_positive_comments_content_org": 3, "number_of_positive_comments_learning_mat": 3, "number_of_positive_comments_classenv": 3}}, {"model": "PDF_processing.section", "pk": 111, "fields": {"teacher_course": 217, "section_name": "BCS-6B", "semester": "Spring", "year": "2023", "registered_students": 40, "feedbacks_received": 40, "number_of_positive_comments": 15, "number_of_constructive_comments": 4, "number_of_positive_comments_ass": 5, "number_of_positive_comments_content_org": 7, "number_of_positive_comments_learning_mat": 1, "number_of_positive_comments_classenv": 2}}, {"model": "PDF_processing.section", "pk": 112, "fields": {"teacher_course": 203, "section_name": "BCS-5C", "semester": "Fall", "year": "2021", "registered_students": 45, "feedbacks_received": 44, "number_of_positive_comments": 5, "number_of_constructive_comments": 5, "number_of_positive_comments_ass": 1, "number_of_positive_comments_content_org": 1, "number_of_positive_comments_learning_mat": 1, "number_of_positive_comments_classenv": 2}}, {"model": "PDF_processing.section", "pk": 113, "fields": {"teacher_course": 203, "section_name": "BCS-6D", "semester": "Spring", "year": "2023", "registered_students": 50, "feedbacks_received": 50, "number_of_positive_comments": 5, "number_of_constructive_comments": 5, "number_of_positive_comments_ass": 2, "number_of_positive_comments_content_org": 3, "number_of_positive_comments_learning_mat": 0, "number_of_positive_comments_classenv": 0}}, {"model": "PDF_processing.section", "pk": 114, "fields": {"teacher_course": 203, "section_name": "BCS-7A", "semester": "Fall", "year": "2023", "registered_students": 52, "feedbacks_received": 52, "number_of_positive_comments": 5, "number_of_constructive_comments": 5, "number_of_positive_comments_ass": 1, "number_of_positive_comments_content_org": 2, "number_of_positive_comments_learning_mat": 1, "number_of_positive_comments_classenv": 1}}, {"model": "PDF_processing.comment", "pk": 177, "fields": {"section": 13, "comments": "The course content and organization was good, except it ended on online classes, which was sort of disruptive.", "category": "Course Content and Organization"}}, {"model": "PDF_processing.comment", "pk": 178, "fields": {"section": 13, "comments": "very strict with deadlines and stuff. I guess that's a good thing, maybe.", "category": "Assignment, Quizzes  Evaluation"}}, {"model": "PDF_processing.comment", "pk": 179, "fields": {"section": 13, "comments": "Sir has great knowledge in the subject and has great concepts too, however the bug-barrier was that he focused more on a few students rather then the majority. He has this taunting aura which led to disappointment and discomfort. Also, he did not breakdown the problem for better understanding. If one student gets the point, he moved ahead not caring about the rest.On the positive side he did make us familiar to the upcoming life obstacles which I appreciate.", "category": "Instructor's quality of delivery of lectures and classroom learning environment"}}, {"model": "PDF_processing.comment", "pk": 180, "fields": {"section": 14, "comments": "Strict marking", "category": "Assignment, Quizzes  Evaluation"}}, {"model": "PDF_processing.comment", "pk": 181, "fields": {"section": 14, "comments": "Fair enough", "category": "Assignment, Quizzes  Evaluation"}}, {"model": "PDF_processing.comment", "pk": 182, "fields": {"section": 14, "comments": "It was great but I disliked the heavy reliance upon the slides", "category": "Instructor's quality of delivery of lectures and classroom learning environment"}}, {"model": "PDF_processing.comment", "pk": 183, "fields": {"section": 15, "comments": "Perfect but too heavy to handle in 4 months.", "category": "Course Content and Organization"}}, {"model": "PDF_processing.comment", "pk": 184, "fields": {"section": 15, "comments": "Evaluations were fair but sessionals marked very strictly", "category": "Assignment, Quizzes  Evaluation"}}, {"model": "PDF_processing.comment", "pk": 185, "fields": {"section": 15, "comments": "Perfect. Assignment are not evaluated up to the mark.", "category": "Assignment, Quizzes  Evaluation"}}, {"model": "PDF_processing.comment", "pk": 186, "fields": {"section": 16, "comments": "Instructor is good and well versed, but class is often disorganised when he goes off topic . He's also not accommodating.", "category": "Instructor's quality of delivery of lectures and classroom learning environment"}}, {"model": "PDF_processing.comment", "pk": 192, "fields": {"section": 17, "comments": "More practical examples during lectures would aid learning.", "category": "Instructor's quality of delivery of lectures and classroom learning environment"}}, {"model": "PDF_processing.comment", "pk": 193, "fields": {"section": 17, "comments": "Clearer organization of course material would help navigation.", "category": "Course Content and Organization"}}, {"model": "PDF_processing.comment", "pk": 194, "fields": {"section": 17, "comments": "Timely grading of assignments would help track progress.", "category": "Assignment, Quizzes  Evaluation"}}, {"model": "PDF_processing.comment", "pk": 195, "fields": {"section": 17, "comments": "Offering more varied assignments could cater to different learning styles.", "category": "Assignment, Quizzes  Evaluation"}}, {"model": "PDF_processing.comment", "pk": 196, "fields": {"section": 17, "comments": "Enhancing the clarity of instructions for assignments would reduce confusion.", "category": "Assignment, Quizzes  Evaluation"}}, {"model": "PDF_processing.comment", "pk": 197, "fields": {"section": 18, "comments": "Lecture pacing could be adjusted to accommodate complex topics.", "category": "Instructor's quality of delivery of lectures and classroom learning environment"}}, {"model": "PDF_processing.comment", "pk": 198, "fields": {"section": 18, "comments": "Organizing content into smaller, thematic units could aid retention.", "category": "Course Content and Organization"}}, {"model": "PDF_processing.comment", "pk": 199, "fields": {"section": 18, "comments": "Quizzes should better reflect the complexity of lecture material.", "category": "Assignment, Quizzes  Evaluation"}}, {"model": "PDF_processing.comment", "pk": 200, "fields": {"section": 18, "comments": "Incorporating peer review could enhance the learning experience.", "category": "Assignment, Quizzes  Evaluation"}}, {"model": "PDF_processing.comment", "pk": 201, "fields": {"section": 18, "comments": "Providing examples of successful past projects could guide expectations.", "category": "Assignment, Quizzes  Evaluation"}}, {"model": "PDF_processing.comment", "pk": 202, "fields": {"section": 18, "comments": "Office hours could be more frequent to assist with course material questions.", "category": "Instructor's quality of delivery of lectures and classroom learning environment"}}, {"model": "PDF_processing.comment", "pk": 203, "fields": {"section": 19, "comments": "Incorporating more hands-on projects could better prepare students for the workforce.", "category": "Instructor's quality of delivery of lectures and classroom learning environment"}}, {"model": "PDF_processing.comment", "pk": 204, "fields": {"section": 19, "comments": "Ensuring all course materials are accessible from the start could help with planning.", "category": "Course Content and Organization"}}, {"model": "PDF_processing.comment", "pk": 205, "fields": {"section": 19, "comments": "Balancing the workload across the semester could reduce student stress.", "category": "Assignment, Quizzes  Evaluation"}}, {"model": "PDF_processing.comment", "pk": 206, "fields": {"section": 19, "comments": "More detailed feedback on assignments could help improve future work.", "category": "Assignment, Quizzes  Evaluation"}}, {"model": "PDF_processing.comment", "pk": 207, "fields": {"section": 19, "comments": "Creating more opportunities for group work could foster collaboration skills.", "category": "Instructor's quality of delivery of lectures and classroom learning environment"}}, {"model": "PDF_processing.comment", "pk": 208, "fields": {"section": 19, "comments": "Updating course content to include emerging technologies could keep the curriculum current.", "category": "Course Content and Organization"}}, {"model": "PDF_processing.comment", "pk": 209, "fields": {"section": 19, "comments": "Introducing a mentorship program could provide additional support.", "category": "Assignment, Quizzes  Evaluation"}}, {"model": "PDF_processing.comment", "pk": 210, "fields": {"section": 20, "comments": "Adopting more varied teaching methods could cater to different learning styles.", "category": "Instructor's quality of delivery of lectures and classroom learning environment"}}, {"model": "PDF_processing.comment", "pk": 211, "fields": {"section": 20, "comments": "Integrating current events into the curriculum could make the course more relevant.", "category": "Course Content and Organization"}}, {"model": "PDF_processing.comment", "pk": 212, "fields": {"section": 20, "comments": "Clarifying the link between coursework and career paths could motivate students.", "category": "Assignment, Quizzes  Evaluation"}}, {"model": "PDF_processing.comment", "pk": 213, "fields": {"section": 20, "comments": "Peer assessment opportunities could enhance learning and evaluation.", "category": "Assignment, Quizzes  Evaluation"}}, {"model": "PDF_processing.comment", "pk": 214, "fields": {"section": 20, "comments": "Offering optional deep-dive sessions on topics could cater to varied interest levels.", "category": "Instructor's quality of delivery of lectures and classroom learning environment"}}, {"model": "PDF_processing.comment", "pk": 215, "fields": {"section": 21, "comments": "Incorporating more hands-on projects could better prepare students for the workforce.", "category": "Instructor's quality of delivery of lectures and classroom learning environment"}}, {"model": "PDF_processing.comment", "pk": 216, "fields": {"section": 21, "comments": "Ensuring all course materials are accessible from the start could help with planning.", "category": "Course Content and Organization"}}, {"model": "PDF_processing.comment", "pk": 217, "fields": {"section": 21, "comments": "Balancing the workload across the semester could reduce student stress.", "category": "Assignment, Quizzes  Evaluation"}}, {"model": "PDF_processing.comment", "pk": 218, "fields": {"section": 21, "comments": "More detailed feedback on assignments could help improve future work.", "category": "Assignment, Quizzes  Evaluation"}}, {"model": "PDF_processing.comment", "pk": 219, "fields": {"section": 21, "comments": "Creating more opportunities for group work could foster collaboration skills.", "category": "Instructor's quality of delivery of lectures and classroom learning environment"}}, {"model": "PDF_processing.comment", "pk": 220, "fields": {"section": 21, "comments": "Updating course content to include emerging technologies could keep the curriculum current.", "category": "Course Content and Organization"}}, {"model": "PDF_processing.comment", "pk": 221, "fields": {"section": 35, "comments": "Updating course content to include emerging technologies could keep the curriculum current.", "category": "Course Content and Organization"}}, {"model": "PDF_processing.comment", "pk": 300, "fields": {"section": 36, "comments": "The instructor's enthusiasm for the subject was evident, but there were instances where explanations were unclear, leading to confusion among students.", "category": "Instructor's quality of delivery of lectures and classroom learning environment"}}, {"model": "PDF_processing.comment", "pk": 301, "fields": {"section": 36, "comments": "Encouraging more student participation and discussion would enhance the classroom learning environment and make lectures more engaging.", "category": "Instructor's quality of delivery of lectures and classroom learning environment"}}, {"model": "PDF_processing.comment", "pk": 302, "fields": {"section": 36, "comments": "While the course content was comprehensive, there was a lack of cohesion between topics, making it difficult to follow a logical progression.", "category": "Course Content and Organization"}}, {"model": "PDF_processing.comment", "pk": 303, "fields": {"section": 36, "comments": "Providing more detailed explanations for quiz questions and discussing common mistakes after the quizzes would aid in understanding and improvement.", "category": "Assignment, Quizzes  Evaluation"}}, {"model": "PDF_processing.comment", "pk": 304, "fields": {"section": 36, "comments": "Some of the learning materials were outdated, which hindered understanding of current trends and practices in the field.", "category": "Learning Material (Textbook, References Books, Videos etc)"}}, {"model": "PDF_processing.comment", "pk": 305, "fields": {"section": 37, "comments": "Some topics were rushed through while others were covered in excessive detail, leading to uneven pacing throughout the semester.", "category": "Course Content and Organization"}}, {"model": "PDF_processing.comment", "pk": 306, "fields": {"section": 37, "comments": "Providing a clearer roadmap at the beginning of the course would greatly help in understanding how each topic fits into the larger context of the subject.", "category": "Course Content and Organization"}}, {"model": "PDF_processing.comment", "pk": 307, "fields": {"section": 37, "comments": " There was a lack of consistency in grading criteria, making it challenging to understand how marks were allocated.", "category": "Assignment, Quizzes  Evaluation"}}, {"model": "PDF_processing.comment", "pk": 308, "fields": {"section": 37, "comments": "While the provided learning materials were comprehensive, there was a lack of supplementary resources to reinforce key concepts, especially for students who learn better through different mediums.", "category": "Learning Material (Textbook, References Books, Videos etc)"}}, {"model": "PDF_processing.comment", "pk": 309, "fields": {"section": 38, "comments": "Incorporating more interactive and multimedia elements into the learning materials would cater to different learning styles and enhance engagement with the content.", "category": "Learning Material (Textbook, References Books, Videos etc)"}}, {"model": "PDF_processing.comment", "pk": 310, "fields": {"section": 38, "comments": "Some of the learning materials were outdated, which hindered understanding of current trends and practices in the field.", "category": "Learning Material (Textbook, References Books, Videos etc)"}}, {"model": "PDF_processing.comment", "pk": 311, "fields": {"section": 38, "comments": "Providing more detailed explanations for quiz questions and discussing common mistakes after the quizzes would aid in understanding and improvement.", "category": "Assignment, Quizzes  Evaluation"}}, {"model": "PDF_processing.comment", "pk": 312, "fields": {"section": 39, "comments": "Grading criteria for assignments should be clearer", "category": "Assignment, Quizzes  Evaluation"}}, {"model": "PDF_processing.comment", "pk": 313, "fields": {"section": 39, "comments": "Visual aids were lacking in some modules.", "category": "Learning Material (Textbook, References Books, Videos etc)"}}, {"model": "PDF_processing.comment", "pk": 314, "fields": {"section": 40, "comments": "Encouraging more student participation and discussion would enhance the classroom learning environment and make lectures more engaging.", "category": "Instructor's quality of delivery of lectures and classroom learning environment"}}, {"model": "PDF_processing.comment", "pk": 315, "fields": {"section": 41, "comments": "Feedback on quizzes was minimal and didn't aid understanding.", "category": "Assignment, Quizzes  Evaluation"}}, {"model": "PDF_processing.comment", "pk": 316, "fields": {"section": 41, "comments": "Consistent pacing throughout lectures would aid comprehension.", "category": "Instructor's quality of delivery of lectures and classroom learning environment"}}, {"model": "PDF_processing.comment", "pk": 317, "fields": {"section": 41, "comments": "Outdated materials hindered understanding of current topics.", "category": "Learning Material (Textbook, References Books, Videos etc)"}}, {"model": "PDF_processing.comment", "pk": 318, "fields": {"section": 41, "comments": "Assignments often felt disconnected from lecture topics.", "category": "Course Content and Organization"}}, {"model": "PDF_processing.comment", "pk": 319, "fields": {"section": 42, "comments": "More real-world examples would enhance understanding.", "category": "Course Content and Organization"}}, {"model": "PDF_processing.comment", "pk": 320, "fields": {"section": 42, "comments": "Clarification on complex topics was sometimes lacking.", "category": "Instructor's quality of delivery of lectures and classroom learning environment"}}, {"model": "PDF_processing.comment", "pk": 321, "fields": {"section": 42, "comments": "Encouraging questions would foster a more dynamic classroom.", "category": "Instructor's quality of delivery of lectures and classroom learning environment"}}, {"model": "PDF_processing.comment", "pk": 322, "fields": {"section": 43, "comments": "Encouraging interactive discussions and group activities could foster a more engaging learning atmosphere.", "category": "Instructor's quality of delivery of lectures and classroom learning environment"}}, {"model": "PDF_processing.comment", "pk": 323, "fields": {"section": 43, "comments": "Regular review sessions to recap previous topics would aid retention and reinforce learning.", "category": "Course Content and Organization"}}, {"model": "PDF_processing.comment", "pk": 324, "fields": {"section": 44, "comments": "While the instructor's engagement was commendable, explanations on complex topics were often unclear", "category": "Instructor's quality of delivery of lectures and classroom learning environment"}}, {"model": "PDF_processing.comment", "pk": 325, "fields": {"section": 45, "comments": "A more structured outline with clear learning objectives and real-life examples would enhance comprehension.", "category": "Course Content and Organization"}}, {"model": "PDF_processing.comment", "pk": 326, "fields": {"section": 45, "comments": "The classroom atmosphere lacked dynamism, resulting in passive learning.", "category": "Instructor's quality of delivery of lectures and classroom learning environment"}}, {"model": "PDF_processing.comment", "pk": 327, "fields": {"section": 45, "comments": "Assignments should closely align with lecture materials to reinforce learning outcomes.", "category": "Assignment, Quizzes  Evaluation"}}, {"model": "PDF_processing.comment", "pk": 328, "fields": {"section": 45, "comments": "Grading criteria for assignments needed to be linent", "category": "Assignment, Quizzes  Evaluation"}}, {"model": "PDF_processing.comment", "pk": 700, "fields": {"section": 1, "comments": "Feedback on quizzes was minimal and didn't aid understanding.", "category": "Assignment, Quizzes  Evaluation"}}, {"model": "PDF_processing.comment", "pk": 701, "fields": {"section": 1, "comments": "Grading criteria for assignments should be clearer", "category": "Assignment, Quizzes  Evaluation"}}, {"model": "PDF_processing.comment", "pk": 702, "fields": {"section": 1, "comments": "Clarification on complex topics was sometimes lacking.", "category": "Instructor's quality of delivery of lectures and classroom learning environment"}}, {"model": "PDF_processing.comment", "pk": 703, "fields": {"section": 1, "comments": "The classroom atmosphere lacked dynamism, resulting in passive learning.", "category": "Instructor's quality of delivery of lectures and classroom learning environment"}}, {"model": "PDF_processing.comment", "pk": 704, "fields": {"section": 1, "comments": "More real-world examples would enhance understanding.", "category": "Course Content and Organization"}}, {"model": "PDF_processing.comment", "pk": 705, "fields": {"section": 12, "comments": "Assignments often felt disconnected from lecture topics.", "category": "Course Content and Organization"}}, {"model": "PDF_processing.comment", "pk": 706, "fields": {"section": 12, "comments": "Regular review sessions to recap previous topics would aid retention and reinforce learning.", "category": "Course Content and Organization"}}, {"model": "PDF_processing.comment", "pk": 707, "fields": {"section": 12, "comments": "Instructor is good and well versed, but class is often disorganised when he goes off topic . He's also not accommodating.", "category": "Instructor's quality of delivery of lectures and classroom learning environment"}}, {"model": "PDF_processing.comment", "pk": 708, "fields": {"section": 12, "comments": "Sir can't teach properly. Indian YouTubers teach much better the same course.", "category": "Instructor's quality of delivery of lectures and classroom learning environment"}}, {"model": "PDF_processing.comment", "pk": 709, "fields": {"section": 14, "comments": "Clarification on complex topics was sometimes lacking.", "category": "Instructor's quality of delivery of lectures and classroom learning environment"}}, {"model": "PDF_processing.comment", "pk": 710, "fields": {"section": 14, "comments": "While the instructor's engagement was commendable, explanations on complex topics were often unclear", "category": "Instructor's quality of delivery of lectures and classroom learning environment"}}, {"model": "PDF_processing.comment", "pk": 711, "fields": {"section": 15, "comments": "Assignments should closely align with lecture materials to reinforce learning outcomes.", "category": "Assignment, Quizzes  Evaluation"}}, {"model": "PDF_processing.comment", "pk": 712, "fields": {"section": 46, "comments": "Instructor is good and well versed, but class is often disorganised when he goes off topic . He's also not accommodating.", "category": "Instructor's quality of delivery of lectures and classroom learning environment"}}, {"model": "PDF_processing.comment", "pk": 713, "fields": {"section": 46, "comments": "Perfect. Assignment are not evaluated up to the mark.", "category": "Assignment, Quizzes  Evaluation"}}, {"model": "PDF_processing.comment", "pk": 714, "fields": {"section": 46, "comments": "Assignments often felt disconnected from lecture topics.", "category": "Course Content and Organization"}}, {"model": "PDF_processing.comment", "pk": 715, "fields": {"section": 46, "comments": "Clearer organization of course material would help navigation.", "category": "Course Content and Organization"}}, {"model": "PDF_processing.comment", "pk": 716, "fields": {"section": 47, "comments": "Consistent pacing throughout lectures would aid comprehension.", "category": "Instructor's quality of delivery of lectures and classroom learning environment"}}, {"model": "PDF_processing.comment", "pk": 717, "fields": {"section": 47, "comments": "Assignments often felt disconnected from lecture topics.", "category": "Course Content and Organization"}}, {"model": "PDF_processing.comment", "pk": 718, "fields": {"section": 47, "comments": "Evaluations were fair but sessionals marked very strictly", "category": "Assignment, Quizzes  Evaluation"}}, {"model": "PDF_processing.comment", "pk": 719, "fields": {"section": 47, "comments": "Instructor is good and well versed, but class is often disorganised when he goes off topic . He's also not accommodating.", "category": "Instructor's quality of delivery of lectures and classroom learning environment"}}, {"model": "PDF_processing.comment", "pk": 720, "fields": {"section": 48, "comments": "Perfect. Assignment are not evaluated up to the mark.", "category": "Assignment, Quizzes  Evaluation"}}, {"model": "PDF_processing.comment", "pk": 721, "fields": {"section": 48, "comments": "Some of the learning materials were outdated, which hindered understanding of current trends and practices in the field.", "category": "Learning Material (Textbook, References Books, Videos etc)"}}, {"model": "PDF_processing.comment", "pk": 722, "fields": {"section": 48, "comments": "Some of the learning materials were outdated, which hindered understanding of current trends and practices in the field.", "category": "Instructor's quality of delivery of lectures and classroom learning environment"}}, {"model": "PDF_processing.comment", "pk": 723, "fields": {"section": 48, "comments": "Fair enough", "category": "Assignment, Quizzes  Evaluation"}}, {"model": "PDF_processing.comment", "pk": 724, "fields": {"section": 48, "comments": "Some of the learning materials were outdated, which hindered understanding of current trends and practices in the field.", "category": "Learning Material (Textbook, References Books, Videos etc)"}}, {"model": "PDF_processing.comment", "pk": 725, "fields": {"section": 49, "comments": "The course content and organization was good, except it ended on online classes, which was sort of disruptive.", "category": "Course Content and Organization"}}, {"model": "PDF_processing.comment", "pk": 726, "fields": {"section": 49, "comments": "Encouraging more student participation and discussion would enhance the classroom learning environment and make lectures more engaging.", "category": "Instructor's quality of delivery of lectures and classroom learning environment"}}, {"model": "PDF_processing.comment", "pk": 727, "fields": {"section": 49, "comments": "very strict with deadlines and stuff. I guess that's a good thing, maybe.", "category": "Assignment, Quizzes  Evaluation"}}, {"model": "PDF_processing.comment", "pk": 728, "fields": {"section": 49, "comments": "Clarification on complex topics was sometimes lacking.", "category": "Instructor's quality of delivery of lectures and classroom learning environment"}}, {"model": "PDF_processing.comment", "pk": 729, "fields": {"section": 49, "comments": "It was great but I disliked the heavy reliance upon the slides", "category": "Instructor's quality of delivery of lectures and classroom learning environment"}}, {"model": "PDF_processing.comment", "pk": 730, "fields": {"section": 49, "comments": "Strict marking", "category": "Assignment, Quizzes  Evaluation"}}, {"model": "PDF_processing.comment", "pk": 731, "fields": {"section": 50, "comments": "The instructor's lectures were engaging, but they often went off-topic.", "category": "Instructor's quality of delivery of lectures and classroom learning environment"}}, {"model": "PDF_processing.comment", "pk": 732, "fields": {"section": 50, "comments": "The textbook was outdated and didn't cover the latest advancements.", "category": "Learning Material (Textbook, References Books, Videos etc)"}}, {"model": "PDF_processing.comment", "pk": 733, "fields": {"section": 50, "comments": "Assignments were challenging but lacked clear grading criteria.", "category": "Assignment, Quizzes  Evaluation"}}, {"model": "PDF_processing.comment", "pk": 734, "fields": {"section": 50, "comments": "Course content was comprehensive, but it lacked real-world applications.", "category": "Course Content and Organization"}}, {"model": "PDF_processing.comment", "pk": 735, "fields": {"section": 51, "comments": "The instructor's lectures were engaging, but they often went off-topic.", "category": "Instructor's quality of delivery of lectures and classroom learning environment"}}, {"model": "PDF_processing.comment", "pk": 736, "fields": {"section": 51, "comments": "The textbook was outdated and didn't cover the latest advancements.", "category": "Learning Material (Textbook, References Books, Videos etc)"}}, {"model": "PDF_processing.comment", "pk": 737, "fields": {"section": 51, "comments": "The classroom environment was welcoming, but the instructor's teaching style was monotonous.", "category": "Instructor's quality of delivery of lectures and classroom learning environment"}}, {"model": "PDF_processing.comment", "pk": 738, "fields": {"section": 52, "comments": "Assignments were challenging but lacked clear grading criteria.", "category": "Assignment, Quizzes  Evaluation"}}, {"model": "PDF_processing.comment", "pk": 739, "fields": {"section": 52, "comments": "Course content was comprehensive, but it lacked real-world applications.", "category": "Course Content and Organization"}}, {"model": "PDF_processing.comment", "pk": 740, "fields": {"section": 52, "comments": "The textbook was outdated and didn't cover the latest advancements.", "category": "Learning Material (Textbook, References Books, Videos etc)"}}, {"model": "PDF_processing.comment", "pk": 741, "fields": {"section": 52, "comments": "The instructor's lectures were engaging, but they often went off-topic.", "category": "Instructor's quality of delivery of lectures and classroom learning environment"}}, {"model": "PDF_processing.comment", "pk": 742, "fields": {"section": 53, "comments": "The course organization was chaotic, with topics jumping around unpredictably.", "category": "Course Content and Organization"}}, {"model": "PDF_processing.comment", "pk": 743, "fields": {"section": 53, "comments": "Evaluation criteria for assignments seemed arbitrary and inconsistent.", "category": "Assignment, Quizzes  Evaluation"}}, {"model": "PDF_processing.comment", "pk": 744, "fields": {"section": 53, "comments": "The instructor was knowledgeable, but lacked clarity in explaining complex concepts", "category": "Instructor's quality of delivery of lectures and classroom learning environment"}}, {"model": "PDF_processing.comment", "pk": 745, "fields": {"section": 53, "comments": "Quizzes were fair, but feedback on mistakes was minimal.", "category": "Assignment, Quizzes  Evaluation"}}, {"model": "PDF_processing.comment", "pk": 746, "fields": {"section": 53, "comments": "The syllabus was well-structured, but some topics were rushed towards the end of the semester.", "category": "Course Content and Organization"}}, {"model": "PDF_processing.comment", "pk": 747, "fields": {"section": 54, "comments": "Video lectures were helpful, but they lacked depth in certain topics.", "category": "Learning Material (Textbook, References Books, Videos etc)"}}, {"model": "PDF_processing.comment", "pk": 748, "fields": {"section": 54, "comments": "Evaluation criteria for assignments seemed arbitrary and inconsistent.", "category": "Assignment, Quizzes  Evaluation"}}, {"model": "PDF_processing.comment", "pk": 749, "fields": {"section": 54, "comments": "The instructor was knowledgeable, but lacked clarity in explaining complex concepts", "category": "Instructor's quality of delivery of lectures and classroom learning environment"}}, {"model": "PDF_processing.comment", "pk": 750, "fields": {"section": 54, "comments": "Quizzes were fair, but feedback on mistakes was minimal.", "category": "Assignment, Quizzes  Evaluation"}}, {"model": "PDF_processing.comment", "pk": 751, "fields": {"section": 54, "comments": "References books were too advanced for beginners, making it hard to grasp the concepts.", "category": "Learning Material (Textbook, References Books, Videos etc)"}}, {"model": "PDF_processing.comment", "pk": 752, "fields": {"section": 54, "comments": "The course organization was chaotic, with topics jumping around unpredictably.", "category": "Course Content and Organization"}}, {"model": "PDF_processing.comment", "pk": 753, "fields": {"section": 54, "comments": "Instructor is good and well versed, but class is often disorganised when he goes off topic . He's also not accommodating.", "category": "Instructor's quality of delivery of lectures and classroom learning environment"}}, {"model": "PDF_processing.comment", "pk": 754, "fields": {"section": 54, "comments": "References books were too advanced for beginners, making it hard to grasp the concepts.", "category": "Learning Material (Textbook, References Books, Videos etc)"}}, {"model": "PDF_processing.comment", "pk": 755, "fields": {"section": 55, "comments": "Quizzes were fair, but feedback on mistakes was minimal.", "category": "Assignment, Quizzes  Evaluation"}}, {"model": "PDF_processing.comment", "pk": 756, "fields": {"section": 55, "comments": "The instructor was knowledgeable, but lacked clarity in explaining complex concepts", "category": "Instructor's quality of delivery of lectures and classroom learning environment"}}, {"model": "PDF_processing.comment", "pk": 757, "fields": {"section": 55, "comments": "The course organization was chaotic, with topics jumping around unpredictably.", "category": "Course Content and Organization"}}, {"model": "PDF_processing.comment", "pk": 758, "fields": {"section": 55, "comments": "The syllabus was well-structured, but some topics were rushed towards the end of the semester.", "category": "Course Content and Organization"}}, {"model": "PDF_processing.comment", "pk": 759, "fields": {"section": 55, "comments": "Instructor is good and well versed, but class is often disorganised when he goes off topic . He's also not accommodating.", "category": "Instructor's quality of delivery of lectures and classroom learning environment"}}, {"model": "PDF_processing.comment", "pk": 760, "fields": {"section": 56, "comments": "The syllabus was well-structured, but some topics were rushed towards the end of the semester.", "category": "Course Content and Organization"}}, {"model": "PDF_processing.comment", "pk": 761, "fields": {"section": 56, "comments": "The instructor's lectures were engaging, but they often went off-topic.", "category": "Instructor's quality of delivery of lectures and classroom learning environment"}}, {"model": "PDF_processing.comment", "pk": 762, "fields": {"section": 56, "comments": "Course content was comprehensive, but it lacked real-world applications.\"", "category": "Course Content and Organization"}}, {"model": "PDF_processing.comment", "pk": 763, "fields": {"section": 56, "comments": "Assignments were challenging but lacked clear grading criteria.", "category": "Assignment, Quizzes  Evaluation"}}, {"model": "PDF_processing.comment", "pk": 764, "fields": {"section": 56, "comments": "Video lectures were helpful, but they lacked depth in certain topics.", "category": "Learning Material (Textbook, References Books, Videos etc)"}}, {"model": "PDF_processing.comment", "pk": 765, "fields": {"section": 56, "comments": "The course organization was chaotic, with topics jumping around unpredictably.", "category": "Course Content and Organization"}}, {"model": "PDF_processing.comment", "pk": 766, "fields": {"section": 57, "comments": "Quizzes were fair, but feedback on mistakes was minimal.", "category": "Assignment, Quizzes  Evaluation"}}, {"model": "PDF_processing.comment", "pk": 767, "fields": {"section": 57, "comments": "The syllabus was well-structured, but some topics were rushed towards the end of the semester.", "category": "Course Content and Organization"}}, {"model": "PDF_processing.comment", "pk": 768, "fields": {"section": 57, "comments": "The textbook was outdated and didn't cover the latest advancements.", "category": "Learning Material (Textbook, References Books, Videos etc)"}}, {"model": "PDF_processing.comment", "pk": 769, "fields": {"section": 57, "comments": "The course organization was chaotic, with topics jumping around unpredictably.", "category": "Course Content and Organization"}}, {"model": "PDF_processing.comment", "pk": 770, "fields": {"section": 57, "comments": "The instructor's lectures were engaging, but they often went off-topic.", "category": "Instructor's quality of delivery of lectures and classroom learning environment"}}, {"model": "PDF_processing.comment", "pk": 771, "fields": {"section": 57, "comments": "Assignments were challenging but lacked clear grading criteria.", "category": "Assignment, Quizzes  Evaluation"}}, {"model": "PDF_processing.comment", "pk": 772, "fields": {"section": 57, "comments": "Video lectures were helpful, but they lacked depth in certain topics.", "category": "Learning Material (Textbook, References Books, Videos etc)"}}, {"model": "PDF_processing.comment", "pk": 773, "fields": {"section": 58, "comments": "The course organization was chaotic, with topics jumping around unpredictably.", "category": "Course Content and Organization"}}, {"model": "PDF_processing.comment", "pk": 774, "fields": {"section": 58, "comments": "The instructor's lectures were engaging, but they often went off-topic.", "category": "Instructor's quality of delivery of lectures and classroom learning environment"}}, {"model": "PDF_processing.comment", "pk": 775, "fields": {"section": 58, "comments": "Video lectures were helpful, but they lacked depth in certain topics.", "category": "Learning Material (Textbook, References Books, Videos etc)"}}, {"model": "PDF_processing.comment", "pk": 776, "fields": {"section": 58, "comments": "Lecture pacing could be adjusted to accommodate complex topics.", "category": "Instructor's quality of delivery of lectures and classroom learning environment"}}, {"model": "PDF_processing.comment", "pk": 777, "fields": {"section": 58, "comments": "The syllabus was well-structured, but some topics were rushed towards the end of the semester.", "category": "Course Content and Organization"}}, {"model": "PDF_processing.comment", "pk": 778, "fields": {"section": 59, "comments": "Assignments were challenging but lacked clear grading criteria.", "category": "Assignment, Quizzes  Evaluation"}}, {"model": "PDF_processing.comment", "pk": 779, "fields": {"section": 59, "comments": "The instructor's lectures were engaging, but they often went off-topic.", "category": "Instructor's quality of delivery of lectures and classroom learning environment"}}, {"model": "PDF_processing.comment", "pk": 780, "fields": {"section": 59, "comments": "Video lectures were helpful, but they lacked depth in certain topics.", "category": "Learning Material (Textbook, References Books, Videos etc)"}}, {"model": "PDF_processing.comment", "pk": 781, "fields": {"section": 59, "comments": "The course organization was chaotic, with topics jumping around unpredictably.", "category": "Course Content and Organization"}}, {"model": "PDF_processing.comment", "pk": 782, "fields": {"section": 60, "comments": "The instructor's lectures were engaging, but they often went off-topic.", "category": "Instructor's quality of delivery of lectures and classroom learning environment"}}, {"model": "PDF_processing.comment", "pk": 783, "fields": {"section": 60, "comments": "Course content was comprehensive, but it lacked real-world applications.", "category": "Course Content and Organization"}}, {"model": "PDF_processing.comment", "pk": 784, "fields": {"section": 60, "comments": "Assignments were challenging but lacked clear grading criteria.", "category": "Assignment, Quizzes  Evaluation"}}, {"model": "PDF_processing.comment", "pk": 785, "fields": {"section": 60, "comments": "The textbook was outdated and didn't cover the latest advancements", "category": "Learning Material (Textbook, References Books, Videos etc)"}}, {"model": "PDF_processing.comment", "pk": 786, "fields": {"section": 61, "comments": "The instructor's lectures were engaging, but they often went off-topic.", "category": "Instructor's quality of delivery of lectures and classroom learning environment"}}, {"model": "PDF_processing.comment", "pk": 787, "fields": {"section": 61, "comments": "Course content was comprehensive, but it lacked real-world applications.", "category": "Course Content and Organization"}}, {"model": "PDF_processing.comment", "pk": 788, "fields": {"section": 61, "comments": "Assignments were challenging but lacked clear grading criteria.", "category": "Assignment, Quizzes  Evaluation"}}, {"model": "PDF_processing.comment", "pk": 789, "fields": {"section": 61, "comments": "The textbook was outdated and didn't cover the latest advancements", "category": "Learning Material (Textbook, References Books, Videos etc)"}}, {"model": "PDF_processing.comment", "pk": 790, "fields": {"section": 61, "comments": "The instructor was knowledgeable, but lacked clarity in explaining complex concepts.", "category": "Instructor's quality of delivery of lectures and classroom learning environment"}}, {"model": "PDF_processing.comment", "pk": 791, "fields": {"section": 62, "comments": "Course content was comprehensive, but it lacked real-world applications.", "category": "Course Content and Organization"}}, {"model": "PDF_processing.comment", "pk": 792, "fields": {"section": 62, "comments": "Assignments were challenging but lacked clear grading criteria.", "category": "Assignment, Quizzes  Evaluation"}}, {"model": "PDF_processing.comment", "pk": 793, "fields": {"section": 62, "comments": "The textbook was outdated and didn't cover the latest advancements", "category": "Learning Material (Textbook, References Books, Videos etc)"}}, {"model": "PDF_processing.comment", "pk": 794, "fields": {"section": 63, "comments": "The instructor's lectures were engaging, but they often went off-topic.", "category": "Instructor's quality of delivery of lectures and classroom learning environment"}}, {"model": "PDF_processing.comment", "pk": 795, "fields": {"section": 63, "comments": "Course content was comprehensive, but it lacked real-world applications.", "category": "Course Content and Organization"}}, {"model": "PDF_processing.comment", "pk": 796, "fields": {"section": 63, "comments": "Assignments were challenging but lacked clear grading criteria.", "category": "Assignment, Quizzes  Evaluation"}}, {"model": "PDF_processing.comment", "pk": 797, "fields": {"section": 63, "comments": "The textbook was outdated and didn't cover the latest advancements", "category": "Learning Material (Textbook, References Books, Videos etc)"}}, {"model": "PDF_processing.comment", "pk": 798, "fields": {"section": 64, "comments": "The instructor's lectures were engaging, but they often went off-topic.", "category": "Instructor's quality of delivery of lectures and classroom learning environment"}}, {"model": "PDF_processing.comment", "pk": 799, "fields": {"section": 64, "comments": "Course content was comprehensive, but it lacked real-world applications.", "category": "Course Content and Organization"}}, {"model": "PDF_processing.comment", "pk": 800, "fields": {"section": 64, "comments": "Assignments were challenging but lacked clear grading criteria.", "category": "Assignment, Quizzes  Evaluation"}}, {"model": "PDF_processing.comment", "pk": 801, "fields": {"section": 64, "comments": "The textbook was outdated and didn't cover the latest advancements", "category": "Learning Material (Textbook, References Books, Videos etc)"}}, {"model": "PDF_processing.comment", "pk": 802, "fields": {"section": 64, "comments": "The instructor was knowledgeable, but lacked clarity in explaining complex concepts.", "category": "Instructor's quality of delivery of lectures and classroom learning environment"}}, {"model": "PDF_processing.comment", "pk": 803, "fields": {"section": 65, "comments": "Course content was comprehensive, but it lacked real-world applications.", "category": "Course Content and Organization"}}, {"model": "PDF_processing.comment", "pk": 804, "fields": {"section": 65, "comments": "Assignments were challenging but lacked clear grading criteria.", "category": "Assignment, Quizzes  Evaluation"}}, {"model": "PDF_processing.comment", "pk": 805, "fields": {"section": 65, "comments": "The textbook was outdated and didn't cover the latest advancements", "category": "Learning Material (Textbook, References Books, Videos etc)"}}, {"model": "PDF_processing.comment", "pk": 806, "fields": {"section": 65, "comments": "The instructor's lectures were engaging, but they often went off-topic.", "category": "Instructor's quality of delivery of lectures and classroom learning environment"}}, {"model": "PDF_processing.comment", "pk": 807, "fields": {"section": 65, "comments": "The course organization was chaotic, with topics jumping around unpredictably", "category": "Course Content and Organization"}}, {"model": "PDF_processing.comment", "pk": 808, "fields": {"section": 65, "comments": "Quizzes were fair, but feedback on mistakes was minimal", "category": "Assignment, Quizzes  Evaluation"}}, {"model": "PDF_processing.comment", "pk": 809, "fields": {"section": 66, "comments": "The textbook was outdated and didn't cover the latest advancements", "category": "Learning Material (Textbook, References Books, Videos etc)"}}, {"model": "PDF_processing.comment", "pk": 810, "fields": {"section": 66, "comments": "The instructor's lectures were engaging, but they often went off-topic.", "category": "Instructor's quality of delivery of lectures and classroom learning environment"}}, {"model": "PDF_processing.comment", "pk": 811, "fields": {"section": 66, "comments": "Course content was comprehensive, but it lacked real-world applications.", "category": "Course Content and Organization"}}, {"model": "PDF_processing.comment", "pk": 812, "fields": {"section": 66, "comments": "Assignments were challenging but lacked clear grading criteria.", "category": "Assignment, Quizzes  Evaluation"}}, {"model": "PDF_processing.comment", "pk": 813, "fields": {"section": 66, "comments": "Video lectures were helpful, but they lacked depth in certain topics.", "category": "Learning Material (Textbook, References Books, Videos etc)"}}, {"model": "PDF_processing.comment", "pk": 814, "fields": {"section": 66, "comments": "The instructor was knowledgeable, but lacked clarity in explaining complex concepts.", "category": "Instructor's quality of delivery of lectures and classroom learning environment"}}, {"model": "PDF_processing.comment", "pk": 815, "fields": {"section": 66, "comments": "Quizzes were fair, but feedback on mistakes was minimal", "category": "Assignment, Quizzes  Evaluation"}}, {"model": "PDF_processing.comment", "pk": 1110, "fields": {"section": 70, "comments": "Video lectures were helpful, but they lacked depth in certain topics.\"", "category": "Learning Material (Textbook, References Books, Videos etc)"}}, {"model": "PDF_processing.comment", "pk": 1111, "fields": {"section": 70, "comments": "The classroom environment was welcoming, but the instructor's teaching style was monotonous.", "category": "Instructor's quality of delivery of lectures and classroom learning environment"}}, {"model": "PDF_processing.comment", "pk": 1112, "fields": {"section": 70, "comments": "The course organization was chaotic, with topics jumping around unpredictably.", "category": "Course Content and Organization"}}, {"model": "PDF_processing.comment", "pk": 1113, "fields": {"section": 70, "comments": "Evaluation criteria for assignments seemed arbitrary and inconsistent", "category": "Assignment, Quizzes  Evaluation"}}, {"model": "PDF_processing.comment", "pk": 1114, "fields": {"section": 70, "comments": "References books were too advanced for beginners, making it hard to grasp the concepts", "category": "Learning Material (Textbook, References Books, Videos etc)"}}, {"model": "PDF_processing.comment", "pk": 1115, "fields": {"section": 71, "comments": "The classroom environment was welcoming, but the instructor's teaching style was monotonous.", "category": "Instructor's quality of delivery of lectures and classroom learning environment"}}, {"model": "PDF_processing.comment", "pk": 1116, "fields": {"section": 71, "comments": "The course organization was chaotic, with topics jumping around unpredictably.", "category": "Course Content and Organization"}}, {"model": "PDF_processing.comment", "pk": 1117, "fields": {"section": 71, "comments": "Evaluation criteria for assignments seemed arbitrary and inconsistent", "category": "Assignment, Quizzes  Evaluation"}}, {"model": "PDF_processing.comment", "pk": 1118, "fields": {"section": 71, "comments": "References books were too advanced for beginners, making it hard to grasp the concepts", "category": "Learning Material (Textbook, References Books, Videos etc)"}}, {"model": "PDF_processing.comment", "pk": 1119, "fields": {"section": 72, "comments": "The classroom environment was welcoming, but the instructor's teaching style was monotonous.", "category": "Instructor's quality of delivery of lectures and classroom learning environment"}}, {"model": "PDF_processing.comment", "pk": 1120, "fields": {"section": 72, "comments": "The course organization was chaotic, with topics jumping around unpredictably.", "category": "Course Content and Organization"}}, {"model": "PDF_processing.comment", "pk": 1121, "fields": {"section": 72, "comments": "Evaluation criteria for assignments seemed arbitrary and inconsistent", "category": "Assignment, Quizzes  Evaluation"}}, {"model": "PDF_processing.comment", "pk": 1122, "fields": {"section": 73, "comments": "Video lectures were helpful, but they lacked depth in certain topics.\"", "category": "Learning Material (Textbook, References Books, Videos etc)"}}, {"model": "PDF_processing.comment", "pk": 1123, "fields": {"section": 73, "comments": "The classroom environment was welcoming, but the instructor's teaching style was monotonous.", "category": "Instructor's quality of delivery of lectures and classroom learning environment"}}, {"model": "PDF_processing.comment", "pk": 1124, "fields": {"section": 73, "comments": "The course organization was chaotic, with topics jumping around unpredictably.", "category": "Course Content and Organization"}}, {"model": "PDF_processing.comment", "pk": 1125, "fields": {"section": 73, "comments": "Evaluation criteria for assignments seemed arbitrary and inconsistent", "category": "Assignment, Quizzes  Evaluation"}}, {"model": "PDF_processing.comment", "pk": 1126, "fields": {"section": 73, "comments": "References books were too advanced for beginners, making it hard to grasp the concepts", "category": "Learning Material (Textbook, References Books, Videos etc)"}}, {"model": "PDF_processing.comment", "pk": 1127, "fields": {"section": 74, "comments": "The classroom environment was welcoming, but the instructor's teaching style was monotonous.", "category": "Instructor's quality of delivery of lectures and classroom learning environment"}}, {"model": "PDF_processing.comment", "pk": 1128, "fields": {"section": 74, "comments": "The course organization was chaotic, with topics jumping around unpredictably.", "category": "Course Content and Organization"}}, {"model": "PDF_processing.comment", "pk": 1129, "fields": {"section": 74, "comments": "Evaluation criteria for assignments seemed arbitrary and inconsistent", "category": "Assignment, Quizzes  Evaluation"}}, {"model": "PDF_processing.comment", "pk": 1130, "fields": {"section": 74, "comments": "References books were too advanced for beginners, making it hard to grasp the concepts", "category": "Learning Material (Textbook, References Books, Videos etc)"}}, {"model": "PDF_processing.comment", "pk": 1131, "fields": {"section": 75, "comments": "The classroom environment was welcoming, but the instructor's teaching style was monotonous.", "category": "Instructor's quality of delivery of lectures and classroom learning environment"}}, {"model": "PDF_processing.comment", "pk": 1132, "fields": {"section": 75, "comments": "The course organization was chaotic, with topics jumping around unpredictably.", "category": "Course Content and Organization"}}, {"model": "PDF_processing.comment", "pk": 1133, "fields": {"section": 75, "comments": "Evaluation criteria for assignments seemed arbitrary and inconsistent", "category": "Assignment, Quizzes  Evaluation"}}, {"model": "PDF_processing.comment", "pk": 1134, "fields": {"section": 76, "comments": "Video lectures were helpful, but they lacked depth in certain topics.\"", "category": "Learning Material (Textbook, References Books, Videos etc)"}}, {"model": "PDF_processing.comment", "pk": 1135, "fields": {"section": 76, "comments": "The classroom environment was welcoming, but the instructor's teaching style was monotonous.", "category": "Instructor's quality of delivery of lectures and classroom learning environment"}}, {"model": "PDF_processing.comment", "pk": 1136, "fields": {"section": 76, "comments": "The course organization was chaotic, with topics jumping around unpredictably.", "category": "Course Content and Organization"}}, {"model": "PDF_processing.comment", "pk": 1137, "fields": {"section": 76, "comments": "Evaluation criteria for assignments seemed arbitrary and inconsistent", "category": "Assignment, Quizzes  Evaluation"}}, {"model": "PDF_processing.comment", "pk": 1138, "fields": {"section": 76, "comments": "References books were too advanced for beginners, making it hard to grasp the concepts", "category": "Learning Material (Textbook, References Books, Videos etc)"}}, {"model": "PDF_processing.comment", "pk": 1139, "fields": {"section": 77, "comments": "The classroom environment was welcoming, but the instructor's teaching style was monotonous.", "category": "Instructor's quality of delivery of lectures and classroom learning environment"}}, {"model": "PDF_processing.comment", "pk": 1140, "fields": {"section": 77, "comments": "The course organization was chaotic, with topics jumping around unpredictably.", "category": "Course Content and Organization"}}, {"model": "PDF_processing.comment", "pk": 1141, "fields": {"section": 77, "comments": "Evaluation criteria for assignments seemed arbitrary and inconsistent", "category": "Assignment, Quizzes  Evaluation"}}, {"model": "PDF_processing.comment", "pk": 1142, "fields": {"section": 77, "comments": "References books were too advanced for beginners, making it hard to grasp the concepts", "category": "Learning Material (Textbook, References Books, Videos etc)"}}, {"model": "PDF_processing.comment", "pk": 1143, "fields": {"section": 77, "comments": "The instructor's lectures were engaging, but they often went off-topic", "category": "Instructor's quality of delivery of lectures and classroom learning environment"}}, {"model": "PDF_processing.comment", "pk": 1144, "fields": {"section": 78, "comments": "The course organization was chaotic, with topics jumping around unpredictably.", "category": "Course Content and Organization"}}, {"model": "PDF_processing.comment", "pk": 1145, "fields": {"section": 78, "comments": "Evaluation criteria for assignments seemed arbitrary and inconsistent", "category": "Assignment, Quizzes  Evaluation"}}, {"model": "PDF_processing.comment", "pk": 1146, "fields": {"section": 78, "comments": "References books were too advanced for beginners, making it hard to grasp the concepts", "category": "Learning Material (Textbook, References Books, Videos etc)"}}, {"model": "PDF_processing.comment", "pk": 1147, "fields": {"section": 78, "comments": "The classroom environment was welcoming, but the instructor's teaching style was monotonous.", "category": "Instructor's quality of delivery of lectures and classroom learning environment"}}, {"model": "PDF_processing.comment", "pk": 1148, "fields": {"section": 78, "comments": "The syllabus was well-structured, but some topics were rushed towards the end of the semester", "category": "Course Content and Organization"}}, {"model": "PDF_processing.comment", "pk": 1149, "fields": {"section": 79, "comments": "The instructor's lectures were often monotonous, and it was challenging to stay engaged.", "category": "Instructor's quality of delivery of lectures and classroom learning environment"}}, {"model": "PDF_processing.comment", "pk": 1150, "fields": {"section": 79, "comments": "The course content felt disjointed, with topics not flowing logically from one to the next.", "category": "Course Content and Organization"}}, {"model": "PDF_processing.comment", "pk": 1151, "fields": {"section": 79, "comments": "The textbook lacked real-world examples, making it hard to apply theoretical concepts.", "category": "Learning Material (Textbook, References Books, Videos etc)"}}, {"model": "PDF_processing.comment", "pk": 1152, "fields": {"section": 79, "comments": "The quizzes seemed too focused on trivial details rather than assessing understanding of key concepts.", "category": "Assignment, Quizzes  Evaluation"}}, {"model": "PDF_processing.comment", "pk": 1153, "fields": {"section": 80, "comments": "The instructor's lectures were often monotonous, and it was challenging to stay engaged.", "category": "Instructor's quality of delivery of lectures and classroom learning environment"}}, {"model": "PDF_processing.comment", "pk": 1154, "fields": {"section": 80, "comments": "The course content felt disjointed, with topics not flowing logically from one to the next.", "category": "Course Content and Organization"}}, {"model": "PDF_processing.comment", "pk": 1155, "fields": {"section": 80, "comments": "The textbook lacked real-world examples, making it hard to apply theoretical concepts.", "category": "Learning Material (Textbook, References Books, Videos etc)"}}, {"model": "PDF_processing.comment", "pk": 1156, "fields": {"section": 80, "comments": "The quizzes seemed too focused on trivial details rather than assessing understanding of key concepts.", "category": "Assignment, Quizzes  Evaluation"}}, {"model": "PDF_processing.comment", "pk": 1157, "fields": {"section": 80, "comments": "The classroom lacked interactive elements, making it feel more like a lecture hall than a discussion space.", "category": "Instructor's quality of delivery of lectures and classroom learning environment"}}, {"model": "PDF_processing.comment", "pk": 1158, "fields": {"section": 81, "comments": "The course content felt disjointed, with topics not flowing logically from one to the next.", "category": "Course Content and Organization"}}, {"model": "PDF_processing.comment", "pk": 1159, "fields": {"section": 81, "comments": "The textbook lacked real-world examples, making it hard to apply theoretical concepts.", "category": "Learning Material (Textbook, References Books, Videos etc)"}}, {"model": "PDF_processing.comment", "pk": 1160, "fields": {"section": 81, "comments": "The quizzes seemed too focused on trivial details rather than assessing understanding of key concepts.", "category": "Assignment, Quizzes  Evaluation"}}, {"model": "PDF_processing.comment", "pk": 1161, "fields": {"section": 81, "comments": "The instructor's lectures were often monotonous, and it was challenging to stay engaged.", "category": "Instructor's quality of delivery of lectures and classroom learning environment"}}, {"model": "PDF_processing.comment", "pk": 1162, "fields": {"section": 81, "comments": "Some essential topics were rushed through, while less critical topics received excessive focus.", "category": "Course Content and Organization"}}, {"model": "PDF_processing.comment", "pk": 1163, "fields": {"section": 81, "comments": "The textbook lacked real-world examples, making it hard to apply theoretical concepts.", "category": "Learning Material (Textbook, References Books, Videos etc)"}}, {"model": "PDF_processing.comment", "pk": 1164, "fields": {"section": 82, "comments": "While the videos were helpful, they were too long and could have been more concise.", "category": "Learning Material (Textbook, References Books, Videos etc)"}}, {"model": "PDF_processing.comment", "pk": 1165, "fields": {"section": 82, "comments": "The organization of course materials on the learning platform was confusing, making it hard to find relevant resources.", "category": "Course Content and Organization"}}, {"model": "PDF_processing.comment", "pk": 1166, "fields": {"section": 82, "comments": "The evaluation criteria for assignments seemed inconsistent, with some assignments receiving harsher grading than others.", "category": "Assignment, Quizzes  Evaluation"}}, {"model": "PDF_processing.comment", "pk": 1167, "fields": {"section": 82, "comments": "The instructor's explanations were unclear at times, leading to confusion among students.", "category": "Instructor's quality of delivery of lectures and classroom learning environment"}}, {"model": "PDF_processing.comment", "pk": 1168, "fields": {"section": 82, "comments": "Some of the reference books were outdated, and the content didn't align well with the course curriculum.", "category": "Learning Material (Textbook, References Books, Videos etc)"}}, {"model": "PDF_processing.comment", "pk": 1169, "fields": {"section": 83, "comments": "The organization of course materials on the learning platform was confusing, making it hard to find relevant resources.", "category": "Course Content and Organization"}}, {"model": "PDF_processing.comment", "pk": 1170, "fields": {"section": 83, "comments": "The evaluation criteria for assignments seemed inconsistent, with some assignments receiving harsher grading than others.", "category": "Assignment, Quizzes  Evaluation"}}, {"model": "PDF_processing.comment", "pk": 1171, "fields": {"section": 83, "comments": "The instructor's explanations were unclear at times, leading to confusion among students.", "category": "Instructor's quality of delivery of lectures and classroom learning environment"}}, {"model": "PDF_processing.comment", "pk": 1172, "fields": {"section": 84, "comments": "While the videos were helpful, they were too long and could have been more concise.", "category": "Learning Material (Textbook, References Books, Videos etc)"}}, {"model": "PDF_processing.comment", "pk": 1173, "fields": {"section": 84, "comments": "The organization of course materials on the learning platform was confusing, making it hard to find relevant resources.", "category": "Course Content and Organization"}}, {"model": "PDF_processing.comment", "pk": 1174, "fields": {"section": 84, "comments": "The evaluation criteria for assignments seemed inconsistent, with some assignments receiving harsher grading than others.", "category": "Assignment, Quizzes  Evaluation"}}, {"model": "PDF_processing.comment", "pk": 1175, "fields": {"section": 84, "comments": "The instructor's explanations were unclear at times, leading to confusion among students.", "category": "Instructor's quality of delivery of lectures and classroom learning environment"}}, {"model": "PDF_processing.comment", "pk": 1176, "fields": {"section": 84, "comments": "Some of the reference books were outdated, and the content didn't align well with the course curriculum.", "category": "Learning Material (Textbook, References Books, Videos etc)"}}, {"model": "PDF_processing.comment", "pk": 1177, "fields": {"section": 85, "comments": "The organization of course materials on the learning platform was confusing, making it hard to find relevant resources.", "category": "Course Content and Organization"}}, {"model": "PDF_processing.comment", "pk": 1178, "fields": {"section": 85, "comments": "The evaluation criteria for assignments seemed inconsistent, with some assignments receiving harsher grading than others.", "category": "Assignment, Quizzes  Evaluation"}}, {"model": "PDF_processing.comment", "pk": 1179, "fields": {"section": 85, "comments": "The instructor's explanations were unclear at times, leading to confusion among students.", "category": "Instructor's quality of delivery of lectures and classroom learning environment"}}, {"model": "PDF_processing.comment", "pk": 1180, "fields": {"section": 85, "comments": "Some essential topics were rushed through, while less critical topics received excessive focus.", "category": "Course Content and Organization"}}, {"model": "PDF_processing.comment", "pk": 1181, "fields": {"section": 86, "comments": "Assignment feedback was vague, making it difficult to understand where improvements were needed.", "category": "Assignment, Quizzes  Evaluation"}}, {"model": "PDF_processing.comment", "pk": 1182, "fields": {"section": 86, "comments": "The course content felt disjointed, with topics not flowing logically from one to the next.", "category": "Course Content and Organization"}}, {"model": "PDF_processing.comment", "pk": 1183, "fields": {"section": 86, "comments": "The instructor's explanations were unclear at times, leading to confusion among students.", "category": "Instructor's quality of delivery of lectures and classroom learning environment"}}, {"model": "PDF_processing.comment", "pk": 1184, "fields": {"section": 86, "comments": "Some of the reference books were outdated, and the content didn't align well with the course curriculum.", "category": "Learning Material (Textbook, References Books, Videos etc)"}}, {"model": "PDF_processing.comment", "pk": 1185, "fields": {"section": 86, "comments": "Assignment feedback was vague, making it difficult to understand where improvements were needed.", "category": "Assignment, Quizzes  Evaluation"}}, {"model": "PDF_processing.comment", "pk": 1186, "fields": {"section": 87, "comments": "The course content felt disjointed, with topics not flowing logically from one to the next.", "category": "Course Content and Organization"}}, {"model": "PDF_processing.comment", "pk": 1187, "fields": {"section": 87, "comments": "The instructor's explanations were unclear at times, leading to confusion among students.", "category": "Instructor's quality of delivery of lectures and classroom learning environment"}}, {"model": "PDF_processing.comment", "pk": 1188, "fields": {"section": 87, "comments": "Some of the reference books were outdated, and the content didn't align well with the course curriculum.", "category": "Learning Material (Textbook, References Books, Videos etc)"}}, {"model": "PDF_processing.comment", "pk": 1189, "fields": {"section": 87, "comments": "Assignment feedback was vague, making it difficult to understand where improvements were needed.", "category": "Assignment, Quizzes  Evaluation"}}, {"model": "PDF_processing.comment", "pk": 1190, "fields": {"section": 87, "comments": "The course content felt disjointed, with topics not flowing logically from one to the next.", "category": "Course Content and Organization"}}, {"model": "PDF_processing.comment", "pk": 1191, "fields": {"section": 87, "comments": "The instructor's explanations were unclear at times, leading to confusion among students.", "category": "Instructor's quality of delivery of lectures and classroom learning environment"}}, {"model": "PDF_processing.comment", "pk": 1192, "fields": {"section": 87, "comments": "Some of the reference books were outdated, and the content didn't align well with the course curriculum.", "category": "Learning Material (Textbook, References Books, Videos etc)"}}, {"model": "PDF_processing.comment", "pk": 1193, "fields": {"section": 88, "comments": "Assignment feedback was vague, making it difficult to understand where improvements were needed.", "category": "Assignment, Quizzes  Evaluation"}}, {"model": "PDF_processing.comment", "pk": 1194, "fields": {"section": 88, "comments": "The course content felt disjointed, with topics not flowing logically from one to the next.", "category": "Course Content and Organization"}}, {"model": "PDF_processing.comment", "pk": 1195, "fields": {"section": 88, "comments": "The instructor's explanations were unclear at times, leading to confusion among students.", "category": "Instructor's quality of delivery of lectures and classroom learning environment"}}, {"model": "PDF_processing.comment", "pk": 1196, "fields": {"section": 97, "comments": "The instructor's lectures were often monotonous, and it was challenging to stay engaged.", "category": "Instructor's quality of delivery of lectures and classroom learning environment"}}, {"model": "PDF_processing.comment", "pk": 1197, "fields": {"section": 97, "comments": "While the videos were helpful, they were too long and could have been more concise.", "category": "Learning Material (Textbook, References Books, Videos etc)"}}, {"model": "PDF_processing.comment", "pk": 1198, "fields": {"section": 97, "comments": "Some essential topics were rushed through, while less critical topics received excessive focus.", "category": "Course Content and Organization"}}, {"model": "PDF_processing.comment", "pk": 1199, "fields": {"section": 97, "comments": "The evaluation criteria for assignments seemed inconsistent, with some assignments receiving harsher grading than others.", "category": "Assignment, Quizzes  Evaluation"}}, {"model": "PDF_processing.comment", "pk": 1200, "fields": {"section": 97, "comments": "The classroom lacked interactive elements, making it feel more like a lecture hall than a discussion space.", "category": "Instructor's quality of delivery of lectures and classroom learning environment"}}, {"model": "PDF_processing.comment", "pk": 1201, "fields": {"section": 98, "comments": "While the videos were helpful, they were too long and could have been more concise.", "category": "Learning Material (Textbook, References Books, Videos etc)"}}, {"model": "PDF_processing.comment", "pk": 1202, "fields": {"section": 98, "comments": "Some essential topics were rushed through, while less critical topics received excessive focus.", "category": "Course Content and Organization"}}, {"model": "PDF_processing.comment", "pk": 1203, "fields": {"section": 98, "comments": "The evaluation criteria for assignments seemed inconsistent, with some assignments receiving harsher grading than others.", "category": "Assignment, Quizzes  Evaluation"}}, {"model": "PDF_processing.comment", "pk": 1204, "fields": {"section": 98, "comments": "The instructor's lectures were often monotonous, and it was challenging to stay engaged.", "category": "Instructor's quality of delivery of lectures and classroom learning environment"}}, {"model": "PDF_processing.comment", "pk": 1205, "fields": {"section": 99, "comments": "While the videos were helpful, they were too long and could have been more concise.", "category": "Learning Material (Textbook, References Books, Videos etc)"}}, {"model": "PDF_processing.comment", "pk": 1206, "fields": {"section": 99, "comments": "Some essential topics were rushed through, while less critical topics received excessive focus.", "category": "Course Content and Organization"}}, {"model": "PDF_processing.comment", "pk": 1207, "fields": {"section": 99, "comments": "The evaluation criteria for assignments seemed inconsistent, with some assignments receiving harsher grading than others.", "category": "Assignment, Quizzes  Evaluation"}}, {"model": "PDF_processing.comment", "pk": 1208, "fields": {"section": 99, "comments": "The instructor's lectures were often monotonous, and it was challenging to stay engaged.", "category": "Instructor's quality of delivery of lectures and classroom learning environment"}}, {"model": "PDF_processing.comment", "pk": 1209, "fields": {"section": 99, "comments": "Some of the reference books were outdated, and the content didn't align well with the course curriculum.", "category": "Learning Material (Textbook, References Books, Videos etc)"}}, {"model": "PDF_processing.comment", "pk": 1210, "fields": {"section": 99, "comments": "The course content felt disjointed, with topics not flowing logically from one to the next.", "category": "Course Content and Organization"}}, {"model": "PDF_processing.comment", "pk": 1211, "fields": {"section": 100, "comments": "The evaluation criteria for assignments seemed inconsistent, with some assignments receiving harsher grading than others.", "category": "Assignment, Quizzes  Evaluation"}}, {"model": "PDF_processing.comment", "pk": 1212, "fields": {"section": 100, "comments": "The instructor's lectures were often monotonous, and it was challenging to stay engaged.", "category": "Instructor's quality of delivery of lectures and classroom learning environment"}}, {"model": "PDF_processing.comment", "pk": 1213, "fields": {"section": 100, "comments": "While the videos were helpful, they were too long and could have been more concise.", "category": "Learning Material (Textbook, References Books, Videos etc)"}}, {"model": "PDF_processing.comment", "pk": 1214, "fields": {"section": 101, "comments": "Some essential topics were rushed through, while less critical topics received excessive focus.", "category": "Course Content and Organization"}}, {"model": "PDF_processing.comment", "pk": 1215, "fields": {"section": 101, "comments": "The evaluation criteria for assignments seemed inconsistent, with some assignments receiving harsher grading than others.", "category": "Assignment, Quizzes  Evaluation"}}, {"model": "PDF_processing.comment", "pk": 1216, "fields": {"section": 102, "comments": "The instructor's lectures were often monotonous, and it was challenging to stay engaged.", "category": "Instructor's quality of delivery of lectures and classroom learning environment"}}, {"model": "PDF_processing.comment", "pk": 1217, "fields": {"section": 102, "comments": "While the videos were helpful, they were too long and could have been more concise.", "category": "Learning Material (Textbook, References Books, Videos etc)"}}, {"model": "PDF_processing.comment", "pk": 1218, "fields": {"section": 102, "comments": "Some essential topics were rushed through, while less critical topics received excessive focus.", "category": "Course Content and Organization"}}, {"model": "PDF_processing.comment", "pk": 1219, "fields": {"section": 102, "comments": "The evaluation criteria for assignments seemed inconsistent, with some assignments receiving harsher grading than others.", "category": "Assignment, Quizzes  Evaluation"}}, {"model": "PDF_processing.comment", "pk": 1220, "fields": {"section": 102, "comments": "The classroom lacked interactive elements, making it feel more like a lecture hall than a discussion space.", "category": "Instructor's quality of delivery of lectures and classroom learning environment"}}, {"model": "PDF_processing.comment", "pk": 1221, "fields": {"section": 102, "comments": "The textbook lacked real-world examples, making it hard to apply theoretical concepts.", "category": "Learning Material (Textbook, References Books, Videos etc)"}}, {"model": "PDF_processing.comment", "pk": 1222, "fields": {"section": 102, "comments": "The course content felt disjointed, with topics not flowing logically from one to the next.", "category": "Course Content and Organization"}}, {"model": "PDF_processing.comment", "pk": 1223, "fields": {"section": 103, "comments": "The evaluation criteria for assignments seemed inconsistent, with some assignments receiving harsher grading than others.", "category": "Assignment, Quizzes  Evaluation"}}, {"model": "PDF_processing.comment", "pk": 1224, "fields": {"section": 103, "comments": "The instructor's lectures were often monotonous, and it was challenging to stay engaged.", "category": "Instructor's quality of delivery of lectures and classroom learning environment"}}, {"model": "PDF_processing.comment", "pk": 1225, "fields": {"section": 103, "comments": "The textbook lacked real-world examples, making it hard to apply theoretical concepts.", "category": "Learning Material (Textbook, References Books, Videos etc)"}}, {"model": "PDF_processing.comment", "pk": 1226, "fields": {"section": 103, "comments": "Some essential topics were rushed through, while less critical topics received excessive focus.", "category": "Course Content and Organization"}}, {"model": "PDF_processing.comment", "pk": 1227, "fields": {"section": 104, "comments": "The evaluation criteria for assignments seemed inconsistent, with some assignments receiving harsher grading than others.", "category": "Assignment, Quizzes  Evaluation"}}, {"model": "PDF_processing.comment", "pk": 1228, "fields": {"section": 104, "comments": "The instructor's lectures were often monotonous, and it was challenging to stay engaged.", "category": "Instructor's quality of delivery of lectures and classroom learning environment"}}, {"model": "PDF_processing.comment", "pk": 1229, "fields": {"section": 104, "comments": "While the videos were helpful, they were too long and could have been more concise.", "category": "Learning Material (Textbook, References Books, Videos etc)"}}, {"model": "PDF_processing.comment", "pk": 1230, "fields": {"section": 105, "comments": "The instructor's explanations were unclear at times, leading to confusion among students.", "category": "Instructor's quality of delivery of lectures and classroom learning environment"}}, {"model": "PDF_processing.comment", "pk": 1231, "fields": {"section": 105, "comments": "Evaluations were fair but sessionals marked very strictly", "category": "Assignment, Quizzes  Evaluation"}}, {"model": "PDF_processing.comment", "pk": 1232, "fields": {"section": 105, "comments": "The course content and organization was good, except it ended on online classes, which was sort of disruptive.", "category": "Course Content and Organization"}}, {"model": "PDF_processing.comment", "pk": 1233, "fields": {"section": 105, "comments": "Some of the learning materials were outdated, which hindered understanding of current trends and practices in the field.", "category": "Learning Material (Textbook, References Books, Videos etc)"}}, {"model": "PDF_processing.comment", "pk": 1234, "fields": {"section": 106, "comments": "The instructor's explanations were unclear at times, leading to confusion among students.", "category": "Instructor's quality of delivery of lectures and classroom learning environment"}}, {"model": "PDF_processing.comment", "pk": 1235, "fields": {"section": 106, "comments": "Evaluations were fair but sessionals marked very strictly", "category": "Assignment, Quizzes  Evaluation"}}, {"model": "PDF_processing.comment", "pk": 1236, "fields": {"section": 106, "comments": "The course content and organization was good, except it ended on online classes, which was sort of disruptive.", "category": "Course Content and Organization"}}, {"model": "PDF_processing.comment", "pk": 1237, "fields": {"section": 106, "comments": "Some of the learning materials were outdated, which hindered understanding of current trends and practices in the field.", "category": "Learning Material (Textbook, References Books, Videos etc)"}}, {"model": "PDF_processing.comment", "pk": 1238, "fields": {"section": 107, "comments": "The instructor's explanations were unclear at times, leading to confusion among students.", "category": "Instructor's quality of delivery of lectures and classroom learning environment"}}, {"model": "PDF_processing.comment", "pk": 1239, "fields": {"section": 107, "comments": "Evaluations were fair but sessionals marked very strictly", "category": "Assignment, Quizzes  Evaluation"}}, {"model": "PDF_processing.comment", "pk": 1240, "fields": {"section": 107, "comments": "The course content and organization was good, except it ended on online classes, which was sort of disruptive.", "category": "Course Content and Organization"}}, {"model": "PDF_processing.comment", "pk": 1241, "fields": {"section": 107, "comments": "Some of the learning materials were outdated, which hindered understanding of current trends and practices in the field.", "category": "Learning Material (Textbook, References Books, Videos etc)"}}, {"model": "PDF_processing.comment", "pk": 1242, "fields": {"section": 108, "comments": "The instructor's explanations were unclear at times, leading to confusion among students.", "category": "Instructor's quality of delivery of lectures and classroom learning environment"}}, {"model": "PDF_processing.comment", "pk": 1243, "fields": {"section": 108, "comments": "Evaluations were fair but sessionals marked very strictly", "category": "Assignment, Quizzes  Evaluation"}}, {"model": "PDF_processing.comment", "pk": 1244, "fields": {"section": 108, "comments": "The course content and organization was good, except it ended on online classes, which was sort of disruptive.", "category": "Course Content and Organization"}}, {"model": "PDF_processing.comment", "pk": 1245, "fields": {"section": 108, "comments": "Some of the learning materials were outdated, which hindered understanding of current trends and practices in the field.", "category": "Learning Material (Textbook, References Books, Videos etc)"}}, {"model": "PDF_processing.comment", "pk": 1246, "fields": {"section": 109, "comments": "The instructor's explanations were unclear at times, leading to confusion among students.", "category": "Instructor's quality of delivery of lectures and classroom learning environment"}}, {"model": "PDF_processing.comment", "pk": 1247, "fields": {"section": 109, "comments": "Evaluations were fair but sessionals marked very strictly", "category": "Assignment, Quizzes  Evaluation"}}, {"model": "PDF_processing.comment", "pk": 1248, "fields": {"section": 109, "comments": "The course content and organization was good, except it ended on online classes, which was sort of disruptive.", "category": "Course Content and Organization"}}, {"model": "PDF_processing.comment", "pk": 1249, "fields": {"section": 109, "comments": "Some of the learning materials were outdated, which hindered understanding of current trends and practices in the field.", "category": "Learning Material (Textbook, References Books, Videos etc)"}}, {"model": "PDF_processing.comment", "pk": 1250, "fields": {"section": 110, "comments": "The instructor's explanations were unclear at times, leading to confusion among students.", "category": "Instructor's quality of delivery of lectures and classroom learning environment"}}, {"model": "PDF_processing.comment", "pk": 1251, "fields": {"section": 110, "comments": "Evaluations were fair but sessionals marked very strictly", "category": "Assignment, Quizzes  Evaluation"}}, {"model": "PDF_processing.comment", "pk": 1252, "fields": {"section": 110, "comments": "The course content and organization was good, except it ended on online classes, which was sort of disruptive.", "category": "Course Content and Organization"}}, {"model": "PDF_processing.comment", "pk": 1253, "fields": {"section": 110, "comments": "Some of the learning materials were outdated, which hindered understanding of current trends and practices in the field.", "category": "Learning Material (Textbook, References Books, Videos etc)"}}, {"model": "PDF_processing.comment", "pk": 1254, "fields": {"section": 111, "comments": "The instructor's explanations were unclear at times, leading to confusion among students.", "category": "Instructor's quality of delivery of lectures and classroom learning environment"}}, {"model": "PDF_processing.comment", "pk": 1255, "fields": {"section": 111, "comments": "Evaluations were fair but sessionals marked very strictly", "category": "Assignment, Quizzes  Evaluation"}}, {"model": "PDF_processing.comment", "pk": 1256, "fields": {"section": 111, "comments": "The course content and organization was good, except it ended on online classes, which was sort of disruptive.", "category": "Course Content and Organization"}}, {"model": "PDF_processing.comment", "pk": 1257, "fields": {"section": 111, "comments": "Some of the learning materials were outdated, which hindered understanding of current trends and practices in the field.", "category": "Learning Material (Textbook, References Books, Videos etc)"}}, {"model": "PDF_processing.comment", "pk": 1258, "fields": {"section": 112, "comments": "The instructor's explanations were unclear at times, leading to confusion among students.", "category": "Instructor's quality of delivery of lectures and classroom learning environment"}}, {"model": "PDF_processing.comment", "pk": 1259, "fields": {"section": 112, "comments": "The course content felt disjointed, with topics not flowing logically from one to the next.", "category": "Course Content and Organization"}}, {"model": "PDF_processing.comment", "pk": 1260, "fields": {"section": 112, "comments": "The quizzes seemed too focused on trivial details rather than assessing understanding of key concepts.", "category": "Assignment, Quizzes  Evaluation"}}, {"model": "PDF_processing.comment", "pk": 1261, "fields": {"section": 112, "comments": "Some of the reference books were outdated, and the content didn't align well with the course curriculum.", "category": "Learning Material (Textbook, References Books, Videos etc)"}}, {"model": "PDF_processing.comment", "pk": 1262, "fields": {"section": 112, "comments": "The instructor's lectures were often monotonous, and it was challenging to stay engaged.", "category": "Instructor's quality of delivery of lectures and classroom learning environment"}}, {"model": "PDF_processing.comment", "pk": 1263, "fields": {"section": 113, "comments": "The instructor's explanations were unclear at times, leading to confusion among students.", "category": "Instructor's quality of delivery of lectures and classroom learning environment"}}, {"model": "PDF_processing.comment", "pk": 1264, "fields": {"section": 113, "comments": "The course content felt disjointed, with topics not flowing logically from one to the next.", "category": "Course Content and Organization"}}, {"model": "PDF_processing.comment", "pk": 1265, "fields": {"section": 113, "comments": "The quizzes seemed too focused on trivial details rather than assessing understanding of key concepts.", "category": "Assignment, Quizzes  Evaluation"}}, {"model": "PDF_processing.comment", "pk": 1266, "fields": {"section": 113, "comments": "Some of the reference books were outdated, and the content didn't align well with the course curriculum.", "category": "Learning Material (Textbook, References Books, Videos etc)"}}, {"model": "PDF_processing.comment", "pk": 1267, "fields": {"section": 113, "comments": "The course content felt disjointed, with topics not flowing logically from one to the next.", "category": "Course Content and Organization"}}, {"model": "PDF_processing.comment", "pk": 1268, "fields": {"section": 114, "comments": "The instructor's explanations were unclear at times, leading to confusion among students.", "category": "Instructor's quality of delivery of lectures and classroom learning environment"}}, {"model": "PDF_processing.comment", "pk": 1269, "fields": {"section": 114, "comments": "The organization of course materials on the learning platform was confusing, making it hard to find relevant resources.", "category": "Course Content and Organization"}}, {"model": "PDF_processing.comment", "pk": 1270, "fields": {"section": 114, "comments": "The quizzes seemed too focused on trivial details rather than assessing understanding of key concepts.", "category": "Assignment, Quizzes  Evaluation"}}, {"model": "PDF_processing.comment", "pk": 1271, "fields": {"section": 114, "comments": "While the videos were helpful, they were too long and could have been more concise.", "category": "Learning Material (Textbook, References Books, Videos etc)"}}, {"model": "PDF_processing.comment", "pk": 1272, "fields": {"section": 114, "comments": "Some of the reference books were outdated, and the content didn't align well with the course curriculum.", "category": "Learning Material (Textbook, References Books, Videos etc)"}}, {"model": "PDF_processing.respon", "pk": 1, "fields": {"section": 35, "respon": "kkkj", "category": "Course Content and Organization"}}, {"model": "PDF_processing.respon", "pk": 2, "fields": {"section": 12, "respon": "hello response submitted", "category": "Instructor's quality of delivery of lectures and classroom learning environment"}}]